1984,0,1,2,1000.0,50000,65000.0,50,75.0,57500.0,62.5,625.0
1984,0,1,2,453.6,35000,35000.0,50,75.0,35000.0,62.5,283.5
1984,0,1,2,28.35,2000,2400.0,18,20.0,2200.0,19.0,5.3865
1984,0,1,2,14.175,1000,1400.0,18,20.0,1200.0,19.0,2.69325
1984,0,1,2,7.0875,500,600.0,18,20.0,550.0,19.0,1.346625
1984,0,1,2,3.54375,300,350.0,18,20.0,325.0,19.0,0.6733125
1984,0,1,2,1.0,100,120.0,18,20.0,110.0,19.0,0.19
1984,0,3,4,1.0,15,15.0,100,100.0,15.0,100.0,1.0
1984,0,5,6,28.35,7000,7000.0,32,32.0,7000.0,32.0,9.072
1984,0,7,8,28.35,20,40.0,100,100.0,30.0,100.0,28.35
1984,0,9,10,28.35,50,60.0,100,100.0,55.0,100.0,28.35
1984,0,11,12,28.35,150,200.0,100,100.0,175.0,100.0,28.35
1984,13,14,2,1000.0,55000,65000.0,60,80.0,60000.0,70.0,700.0
1984,13,14,2,453.6,30000,30000.0,50,75.0,30000.0,62.5,283.5
1984,13,14,2,28.35,2000,3000.0,65,65.0,2500.0,65.0,18.4275
1984,13,14,2,1.0,100,130.0,20,20.0,115.0,20.0,0.2
1984,13,3,4,1000.0,1300,1700.0,100,100.0,1500.0,100.0,1000.0
1984,13,3,4,453.6,175,225.0,100,100.0,200.0,100.0,453.6
1984,13,3,4,28.35,10,15.0,100,100.0,12.5,100.0,28.35
1984,13,15,6,1000.0,250000,400000.0,60,80.0,325000.0,70.0,700.0
1984,13,15,6,1000.0,60000,75000.0,5,10.0,67500.0,7.5,75.0
1984,13,15,6,453.6,100000,175000.0,55,70.0,137500.0,62.5,283.5
1984,13,15,6,453.6,30000,32000.0,5,10.0,31000.0,7.5,34.02
1984,13,15,6,28.35,9000,12000.0,55,70.0,10500.0,62.5,17.71875
1984,13,15,6,28.35,2500,3000.0,8,10.0,2750.0,9.0,2.5515
1984,13,15,6,28.35,900,1200.0,2,4.0,1050.0,3.0,0.8505
1984,13,15,6,1.0,500,500.0,55,70.0,500.0,62.5,0.625
1984,13,15,6,1.0,70,100.0,0,2.0,85.0,1.25,0.0125
1984,13,15,6,0.2,20,20.0,0,2.0,20.0,1.25,0.0025
1984,13,16,10,453.6,400,500.0,100,100.0,450.0,100.0,453.6
1984,13,16,10,28.35,60,70.0,100,100.0,65.0,100.0,28.35
1984,13,9,10,2268.0,2500,2500.0,100,100.0,2500.0,100.0,2268.0
1984,13,9,10,453.6,550,650.0,100,100.0,600.0,100.0,453.6
1984,13,9,10,28.35,50,75.0,100,100.0,62.5,100.0,28.35
1984,13,11,12,453.6,2000,3000.0,100,100.0,2500.0,100.0,453.6
1984,13,11,12,28.35,150,250.0,100,100.0,200.0,100.0,28.35
1984,13,11,12,1.0,8,8.0,100,100.0,8.0,100.0,1.0
1984,13,17,18,28.35,1200,1200.0,30,30.0,1200.0,30.0,8.505
1984,19,14,2,1000.0,75000,75000.0,94,94.0,75000.0,94.0,940.0
1984,19,14,2,453.6,35000,35000.0,70,80.0,35000.0,75.0,340.2
1984,19,14,2,28.35,2000,2500.0,50,65.0,2250.0,57.5,16.30125
1984,19,14,2,1.0,100,150.0,20,20.0,125.0,20.0,0.2
1984,19,20,21,453.6,160000,160000.0,50,50.0,160000.0,50.0,226.8
1984,19,20,21,28.35,12000,12000.0,50,50.0,12000.0,50.0,14.175
1984,19,20,21,1.0,400,400.0,50,50.0,400.0,50.0,0.5
1984,19,20,21,0.375,200,200.0,50,50.0,200.0,50.0,0.1875
1984,22,14,2,1000.0,55000,65000.0,25,25.0,60000.0,25.0,250.0
1984,22,14,2,453.6,25000,29500.0,25,25.0,27250.0,25.0,113.4
1984,22,14,2,28.35,3000,3000.0,25,25.0,3000.0,25.0,7.0875
1984,22,14,2,1.0,90,120.0,20,22.0,105.0,21.0,0.21
1984,22,20,21,28.35,7000,9500.0,32,54.0,8250.0,43.0,12.1905
1984,22,17,18,1.0,70,70.0,80,80.0,70.0,80.0,0.8
1984,23,1,2,1000.0,62000,62000.0,50,97.0,62000.0,73.5,735.0
1984,23,1,2,453.6,25000,35000.0,50,97.0,30000.0,73.5,333.396
1984,23,1,2,28.35,2700,2700.0,50,97.0,2700.0,73.5,20.83725
1984,23,1,2,7.0875,525,600.0,50,60.0,562.5,55.0,3.898125
1984,23,1,2,3.54375,325,325.0,50,60.0,325.0,55.0,1.9490625
1984,23,1,2,1.0,100,150.0,50,97.0,125.0,73.5,0.735
1984,23,1,2,0.125,25,25.0,15,20.0,25.0,17.5,0.021875
1984,23,24,25,1000.0,150000,360000.0,60,75.0,255000.0,67.5,675.0
1984,23,24,25,28.35,7500,10000.0,60,75.0,8750.0,67.5,19.13625
1984,23,24,25,6.4,500,600.0,60,75.0,550.0,67.5,4.32
1984,23,24,25,1.6,150,180.0,60,75.0,165.0,67.5,1.08
1984,23,24,25,1.0,100,300.0,4,4.0,200.0,4.0,0.04
1984,23,24,25,0.2,25,35.0,4,4.0,30.0,4.0,0.008
1984,23,24,25,0.1,10,25.0,4,4.0,17.5,4.0,0.004
1984,23,17,18,28.35,600,1200.0,80,80.0,900.0,80.0,22.68
1984,23,17,18,1.0,80,100.0,25,50.0,90.0,37.5,0.375
1984,26,3,4,453.6,1400,2500.0,100,100.0,1950.0,100.0,453.6
1984,26,3,4,226.8,700,800.0,100,100.0,750.0,100.0,226.8
1984,26,3,4,28.35,115,150.0,100,100.0,132.5,100.0,28.35
1984,26,3,4,14.175,70,80.0,100,100.0,75.0,100.0,14.175
1984,26,3,4,7.0875,45,50.0,100,100.0,47.5,100.0,7.0875
1984,26,3,4,1.0,10,25.0,100,100.0,17.5,100.0,1.0
1984,26,5,6,28.35,6500,7500.0,32,35.0,7000.0,33.5,9.49725
1984,26,5,6,1.0,300,350.0,70,75.0,325.0,72.5,0.725
1984,26,7,8,28.35,30,50.0,100,100.0,40.0,100.0,28.35
1984,26,9,10,453.6,500,1100.0,100,100.0,800.0,100.0,453.6
1984,26,9,10,226.8,350,600.0,100,100.0,475.0,100.0,226.8
1984,26,9,10,28.35,90,110.0,100,100.0,100.0,100.0,28.35
1984,26,9,10,14.175,50,60.0,100,100.0,55.0,100.0,14.175
1984,26,9,10,7.0875,25,35.0,100,100.0,30.0,100.0,7.0875
1984,26,27,12,453.6,1500,2000.0,100,100.0,1750.0,100.0,453.6
1984,26,27,12,28.35,100,150.0,100,100.0,125.0,100.0,28.35
1984,26,27,12,7.0875,30,50.0,100,100.0,40.0,100.0,7.0875
1984,28,1,2,1000.0,45000,65000.0,80,98.0,55000.0,89.0,890.0
1984,28,1,2,453.6,32000,36000.0,80,98.0,34000.0,89.0,403.704
1984,28,1,2,28.35,2100,2400.0,60,98.0,2250.0,79.0,22.3965
1984,28,1,2,14.175,1000,1250.0,60,98.0,1125.0,79.0,11.19825
1984,28,1,2,7.0875,800,900.0,60,98.0,850.0,79.0,5.599125
1984,28,1,2,3.54375,450,500.0,60,98.0,475.0,79.0,2.7995625
1984,28,1,2,1.0,100,125.0,35,98.0,112.5,66.5,0.665
1984,28,1,2,0.25,25,35.0,35,98.0,30.0,66.5,0.16625
1984,28,3,4,453.6,1800,2750.0,100,100.0,2275.0,100.0,453.6
1984,28,3,4,28.35,115,137.5,100,100.0,126.25,100.0,28.35
1984,28,3,4,1.0,25,25.0,100,100.0,25.0,100.0,1.0
1984,28,24,25,0.25,25,30.0,7,17.0,27.5,12.0,0.03
1984,28,29,25,2.0,150,155.0,7,17.0,152.5,12.0,0.24
1984,28,7,8,453.6,400,700.0,100,100.0,550.0,100.0,453.6
1984,28,7,8,28.35,45,165.0,100,100.0,105.0,100.0,28.35
1984,28,27,12,453.6,1400,2000.0,100,100.0,1700.0,100.0,453.6
1984,28,27,12,28.35,125,137.5,100,100.0,131.25,100.0,28.35
1985,0,1,2,1000.0,25000,50000.0,30,90.0,37500.0,60.0,600.0
1985,0,1,2,453.6,20000,30000.0,30,60.0,25000.0,45.0,204.12
1985,0,1,2,226.8,14000,16000.0,30,60.0,15000.0,45.0,102.06
1985,0,1,2,113.4,7200,9000.0,30,60.0,8100.0,45.0,51.03
1985,0,1,2,28.35,1600,3200.0,30,65.0,2400.0,47.5,13.46625
1985,0,1,2,14.175,1100,1300.0,30,60.0,1200.0,45.0,6.37875
1985,0,1,2,7.0875,575,650.0,30,60.0,612.5,45.0,3.189375
1985,0,1,2,3.54375,300,350.0,30,60.0,325.0,45.0,1.5946875
1985,0,1,2,1.771875,175,200.0,30,60.0,187.5,45.0,0.79734375
1985,0,1,2,1.0,100,150.0,40,90.0,125.0,65.0,0.65
1985,0,1,2,0.5,45,60.0,30,60.0,52.5,45.0,0.225
1985,0,1,2,0.25,25,30.0,30,60.0,27.5,45.0,0.1125
1985,0,24,25,28.35,4000,12000.0,10,70.0,8000.0,40.0,11.34
1985,0,24,25,28.35,2500,5000.0,4,10.0,3750.0,7.0,1.9845
1985,0,24,25,28.35,750,1800.0,1,3.0,1275.0,2.0,0.567
1985,0,24,25,1.0,400,600.0,10,70.0,500.0,40.0,0.4
1985,0,24,25,1.0,100,250.0,2,8.0,175.0,5.0,0.05
1985,0,24,25,1.0,25,50.0,1,3.0,37.5,2.0,0.02
1985,0,24,25,0.5,40,50.0,1,3.0,45.0,2.0,0.01
1985,0,24,25,0.25,10,30.0,2,5.0,20.0,3.5,0.00875
1985,0,24,25,0.125,100,100.0,1,5.0,100.0,3.0,0.00375
1985,0,24,25,0.15,10,30.0,1,5.0,20.0,3.0,0.0045
1985,0,30,31,28.35,3500,9000.0,10,60.0,6250.0,35.0,9.9225
1985,0,30,31,14.175,4500,4500.0,10,60.0,4500.0,35.0,4.96125
1985,0,30,31,1.0,200,500.0,10,60.0,350.0,35.0,0.35
1985,0,30,31,0.5,200,350.0,10,50.0,275.0,30.0,0.15
1985,0,30,31,0.1,50,75.0,10,50.0,62.5,30.0,0.03
1985,0,30,31,0.04,20,30.0,10,50.0,25.0,30.0,0.012
1985,0,9,10,28.35,50,60.0,100,100.0,55.0,100.0,28.35
1985,0,7,8,453.6,450,1100.0,100,100.0,775.0,100.0,453.6
1985,0,7,8,28.35,60,60.0,100,100.0,60.0,100.0,28.35
1985,0,3,4,1.0,15,15.0,100,100.0,15.0,100.0,1.0
1985,0,11,12,453.6,1500,2200.0,100,100.0,1850.0,100.0,453.6
1985,0,11,12,28.35,100,175.0,100,100.0,137.5,100.0,28.35
1985,0,11,12,14.175,100,100.0,100,100.0,100.0,100.0,14.175
1985,0,11,12,7.0875,50,60.0,100,100.0,55.0,100.0,7.0875
1985,0,11,12,3.54375,20,25.0,100,100.0,22.5,100.0,3.54375
1985,0,32,18,453.6,11000,20000.0,95,95.0,15500.0,95.0,430.92
1985,0,32,18,226.8,7000,9000.0,95,95.0,8000.0,95.0,215.46
1985,0,32,18,113.4,3500,4500.0,95,95.0,4000.0,95.0,107.73
1985,0,32,18,28.35,800,1500.0,35,35.0,1150.0,35.0,9.9225
1985,0,32,18,14.175,350,750.0,35,35.0,550.0,35.0,4.96125
1985,0,32,18,7.0875,300,400.0,15,25.0,350.0,20.0,1.4175
1985,13,1,2,1000.0,30000,50000.0,50,99.0,40000.0,74.5,745.0
1985,13,1,2,28.35,1200,2000.0,15,99.0,1600.0,57.0,16.1595
1985,13,1,2,1.0,75,150.0,15,60.0,112.5,37.5,0.375
1985,13,1,2,0.5,50,60.0,15,60.0,55.0,37.5,0.1875
1985,13,1,2,0.25,25,35.0,60,60.0,30.0,60.0,0.15
1985,13,24,25,1000.0,250000,400000.0,60,80.0,325000.0,70.0,700.0
1985,13,24,25,1000.0,60000,75000.0,5,10.0,67500.0,7.5,75.0
1985,13,24,25,453.6,90000,95000.0,90,90.0,92500.0,90.0,408.24
1985,13,24,25,28.35,5000,12000.0,30,90.0,8500.0,60.0,17.01
1985,13,24,25,28.35,4000,6000.0,25,25.0,5000.0,25.0,7.0875
1985,13,24,25,28.35,800,1600.0,2,4.0,1200.0,3.0,0.8505
1985,13,24,25,1.0,100,150.0,1,3.0,125.0,2.0,0.02
1985,13,24,25,0.5,40,50.0,1,3.0,45.0,2.0,0.01
1985,13,24,25,0.25,80,80.0,5,5.0,80.0,5.0,0.0125
1985,13,24,25,0.15,20,25.0,2,4.0,22.5,3.0,0.0045
1985,13,9,10,453.6,400,500.0,100,100.0,450.0,100.0,453.6
1985,13,9,10,28.35,200,200.0,100,100.0,200.0,100.0,28.35
1985,13,9,10,1.0,20,30.0,100,100.0,25.0,100.0,1.0
1985,13,33,8,28.35,60,80.0,100,100.0,70.0,100.0,28.35
1985,13,33,8,1.0,20,30.0,100,100.0,25.0,100.0,1.0
1985,13,33,8,0.15,5,5.0,100,100.0,5.0,100.0,0.15
1985,13,3,4,453.6,1800,2000.0,100,100.0,1900.0,100.0,453.6
1985,13,3,4,28.35,175,225.0,100,100.0,200.0,100.0,28.35
1985,13,3,4,1.0,10,15.0,100,100.0,12.5,100.0,1.0
1985,13,16,10,453.6,400,500.0,100,100.0,450.0,100.0,453.6
1985,13,11,12,453.6,1000,3000.0,100,100.0,2000.0,100.0,453.6
1985,13,11,12,28.35,125,250.0,100,100.0,187.5,100.0,28.35
1985,13,32,18,28.35,800,1200.0,30,90.0,1000.0,60.0,17.01
1985,13,32,18,1.0,60,100.0,50,60.0,80.0,55.0,0.55
1985,19,1,2,1000.0,75000,75000.0,94,94.0,75000.0,94.0,940.0
1985,19,1,2,453.6,35000,35000.0,70,80.0,35000.0,75.0,340.2
1985,19,1,2,28.35,2000,2500.0,50,65.0,2250.0,57.5,16.30125
1985,19,1,2,1.0,100,150.0,20,20.0,125.0,20.0,0.2
1985,19,5,21,453.6,160000,160000.0,50,50.0,160000.0,50.0,226.8
1985,19,5,21,28.35,12000,12000.0,50,50.0,12000.0,50.0,14.175
1985,19,5,21,1.0,400,400.0,50,50.0,400.0,50.0,0.5
1985,19,5,21,0.375,200,200.0,50,50.0,200.0,50.0,0.1875
1985,22,1,2,1000.0,45000,50000.0,85,85.0,47500.0,85.0,850.0
1985,22,1,2,28.35,1300,2800.0,50,80.0,2050.0,65.0,18.4275
1985,22,1,2,3.54375,300,350.0,50,80.0,325.0,65.0,2.3034375
1985,22,1,2,1.0,100,120.0,50,80.0,110.0,65.0,0.65
1985,22,1,2,0.1,25,25.0,14,25.0,25.0,19.5,0.0195
1985,22,24,25,1000.0,160000,160000.0,80,80.0,160000.0,80.0,800.0
1985,22,24,25,453.6,96000,96000.0,80,80.0,96000.0,80.0,362.88
1985,22,24,25,453.6,16000,16000.0,1,4.0,16000.0,2.5,11.34
1985,22,24,25,28.35,5000,8500.0,50,80.0,6750.0,65.0,18.4275
1985,22,24,25,28.35,1200,1200.0,1,4.0,1200.0,2.5,0.70875
1985,22,24,25,1.0,300,500.0,20,80.0,400.0,50.0,0.5
1985,22,24,25,1.0,150,150.0,1,5.0,150.0,3.0,0.03
1985,22,24,25,0.15,15,25.0,1,3.0,20.0,2.0,0.003
1985,22,24,25,0.1,25,100.0,1,10.0,62.5,5.5,0.0055
1985,22,34,8,453.6,500,1000.0,100,100.0,750.0,100.0,453.6
1985,22,34,8,28.35,50,70.0,100,100.0,60.0,100.0,28.35
1985,22,16,10,453.6,250,250.0,100,100.0,250.0,100.0,453.6
1985,22,16,10,7.0875,30,45.0,100,100.0,37.5,100.0,7.0875
1985,22,16,10,3.54375,25,25.0,100,100.0,25.0,100.0,3.54375
1985,22,11,12,453.6,1200,1500.0,100,100.0,1350.0,100.0,453.6
1985,22,11,12,113.4,350,350.0,100,100.0,350.0,100.0,113.4
1985,22,11,12,28.35,150,200.0,100,100.0,175.0,100.0,28.35
1985,22,30,31,453.6,56000,56000.0,80,90.0,56000.0,85.0,385.56
1985,22,30,31,28.35,5500,9000.0,35,80.0,7250.0,57.5,16.30125
1985,22,32,18,28.35,1000,2500.0,30,30.0,1750.0,30.0,8.505
1985,22,32,18,3.54375,225,250.0,12,20.0,237.5,16.0,0.567
1985,22,32,18,1.0,75,125.0,20,80.0,100.0,50.0,0.5
1985,22,32,18,0.5,60,60.0,10,15.0,60.0,12.5,0.0625
1985,22,32,18,0.125,25,25.0,10,10.0,25.0,10.0,0.0125
1985,23,1,2,1000.0,20000,50000.0,80,80.0,35000.0,80.0,800.0
1985,23,1,2,453.6,18000,24000.0,80,80.0,21000.0,80.0,362.88
1985,23,1,2,28.35,1300,2200.0,30,99.0,1750.0,64.5,18.28575
1985,23,1,2,7.0875,600,600.0,40,60.0,600.0,50.0,3.54375
1985,23,1,2,3.54375,250,325.0,40,99.0,287.5,69.5,2.46290625
1985,23,1,2,25.0,1400,1400.0,82,82.0,1400.0,82.0,20.5
1985,23,1,2,1.0,100,125.0,40,40.0,112.5,40.0,0.4
1985,23,1,2,0.125,25,25.0,15,20.0,25.0,17.5,0.021875
1985,23,24,25,1000.0,100000,100000.0,50,70.0,100000.0,60.0,600.0
1985,23,24,25,28.35,5000,10000.0,50,70.0,7500.0,60.0,17.01
1985,23,24,25,28.35,1500,4000.0,4,10.0,2750.0,7.0,1.9845
1985,23,24,25,25.0,7000,10000.0,65,65.0,8500.0,65.0,16.25
1985,23,24,25,25.0,5000,8000.0,50,50.0,6500.0,50.0,12.5
1985,23,24,25,1.0,300,350.0,50,50.0,325.0,50.0,0.5
1985,23,24,25,0.25,100,100.0,5,6.0,100.0,5.5,0.01375
1985,23,24,25,0.225,35,50.0,5,5.0,42.5,5.0,0.01125
1985,23,24,25,0.3,25,25.0,1,3.0,25.0,2.0,0.006
1985,23,30,31,1000.0,400000,400000.0,80,80.0,400000.0,80.0,800.0
1985,23,30,31,1.0,600,600.0,70,90.0,600.0,80.0,0.8
1985,23,30,31,1.0,300,300.0,30,40.0,300.0,35.0,0.35
1985,23,30,31,0.5,200,200.0,5,7.0,200.0,6.0,0.03
1985,23,30,31,0.25,75,100.0,5,37.0,87.5,21.0,0.0525
1985,23,30,31,0.0833,50,50.0,20,20.0,50.0,20.0,0.01666
1985,23,32,18,28.35,600,1200.0,72,72.0,900.0,72.0,20.412
1985,23,32,18,3.54375,225,225.0,72,72.0,225.0,72.0,2.5515
1985,23,32,18,1.0,60,80.0,63,63.0,70.0,63.0,0.63
1985,26,1,2,1000.0,45000,70000.0,95,95.0,57500.0,95.0,950.0
1985,26,1,2,453.6,28000,36000.0,95,95.0,32000.0,95.0,430.92
1985,26,1,2,28.35,1500,2500.0,80,90.0,2000.0,85.0,24.0975
1985,26,1,2,3.54375,300,300.0,80,85.0,300.0,82.5,2.92359375
1985,26,1,2,1.0,100,120.0,70,90.0,110.0,80.0,0.8
1985,26,5,6,0.1,10,10.0,2,6.0,10.0,4.0,0.004
1985,26,5,6,0.2,12,25.0,2,6.0,18.5,4.0,0.008
1985,26,30,31,28.35,5000,10000.0,26,46.0,7500.0,36.0,10.206
1985,26,7,8,453.6,100,435.0,100,100.0,267.5,100.0,453.6
1985,26,7,8,28.35,10,40.0,100,100.0,25.0,100.0,28.35
1985,26,9,10,453.6,1450,1450.0,100,100.0,1450.0,100.0,453.6
1985,26,9,10,226.8,350,600.0,100,100.0,475.0,100.0,226.8
1985,26,9,10,28.35,90,110.0,100,100.0,100.0,100.0,28.35
1985,26,9,10,14.175,50,60.0,100,100.0,55.0,100.0,14.175
1985,26,9,10,7.0875,25,35.0,100,100.0,30.0,100.0,7.0875
1985,26,3,4,453.6,1400,1500.0,100,100.0,1450.0,100.0,453.6
1985,26,3,4,226.8,700,800.0,100,100.0,750.0,100.0,226.8
1985,26,3,4,28.35,140,150.0,100,100.0,145.0,100.0,28.35
1985,26,3,4,14.175,70,80.0,100,100.0,75.0,100.0,14.175
1985,26,3,4,7.0875,45,50.0,100,100.0,47.5,100.0,7.0875
1985,26,3,4,1.0,10,15.0,100,100.0,12.5,100.0,1.0
1985,26,11,12,453.6,1000,2500.0,100,100.0,1750.0,100.0,453.6
1985,26,11,12,28.35,100,250.0,100,100.0,175.0,100.0,28.35
1985,26,11,12,14.175,50,50.0,100,100.0,50.0,100.0,14.175
1985,26,11,12,7.0875,25,70.0,100,100.0,47.5,100.0,7.0875
1985,26,11,12,3.5,10,10.0,100,100.0,10.0,100.0,3.5
1985,28,1,2,1000.0,40000,50000.0,95,95.0,45000.0,95.0,950.0
1985,28,1,2,453.6,32000,36000.0,95,95.0,34000.0,95.0,430.92
1985,28,1,2,28.35,1800,2400.0,95,95.0,2100.0,95.0,26.9325
1985,28,1,2,14.175,1000,1250.0,95,95.0,1125.0,95.0,13.46625
1985,28,1,2,7.0875,800,900.0,95,95.0,850.0,95.0,6.733125
1985,28,1,2,3.54375,450,500.0,95,95.0,475.0,95.0,3.3665625
1985,28,1,2,0.25,25,35.0,95,95.0,30.0,95.0,0.2375
1985,28,24,25,28.35,1500,2500.0,50,75.0,2000.0,62.5,17.71875
1985,28,24,25,2.0,150,165.0,7,17.0,157.5,12.0,0.24
1985,28,24,25,0.25,25,25.0,5,5.0,25.0,5.0,0.0125
1985,28,30,31,1000.0,220000,260000.0,48,89.0,240000.0,68.5,685.0
1985,28,30,31,28.35,6000,8000.0,50,50.0,7000.0,50.0,14.175
1985,28,30,31,0.15,25,25.0,24,24.0,25.0,24.0,0.036
1985,28,16,10,28.35,100,150.0,100,100.0,125.0,100.0,28.35
1985,28,16,10,7.0875,50,50.0,100,100.0,50.0,100.0,7.0875
1985,28,7,8,453.6,400,700.0,100,100.0,550.0,100.0,453.6
1985,28,7,8,28.35,45,165.0,100,100.0,105.0,100.0,28.35
1985,28,3,4,453.6,1800,2750.0,100,100.0,2275.0,100.0,453.6
1985,28,3,4,28.35,115,137.5,100,100.0,126.25,100.0,28.35
1985,28,3,4,1.0,20,35.0,100,100.0,27.5,100.0,1.0
1985,28,11,12,453.6,1400,2400.0,100,100.0,1900.0,100.0,453.6
1985,28,11,12,28.35,125,137.5,100,100.0,131.25,100.0,28.35
1985,35,14,2,453.6,60000,80000.0,40,60.0,70000.0,50.0,226.8
1985,35,14,2,28.35,1500,3200.0,40,80.0,2350.0,60.0,17.01
1985,35,14,2,7.0875,750,800.0,40,80.0,775.0,60.0,4.2525
1985,35,14,2,1.0,110,220.0,15,20.0,165.0,17.5,0.175
1985,35,24,25,1.0,100,220.0,1,10.0,160.0,5.75,0.0575
1985,35,24,25,0.5,100,110.0,1,2.0,105.0,1.5,0.0075
1985,35,30,31,1.0,1100,1100.0,70,80.0,1100.0,75.0,0.75
1985,35,30,31,0.1,110,110.0,1,1.0,110.0,1.0,0.001
1985,35,34,8,453.6,1500,3200.0,100,100.0,2350.0,100.0,453.6
1985,35,34,8,226.8,1600,1600.0,100,100.0,1600.0,100.0,226.8
1985,35,34,8,113.4,850,850.0,100,100.0,850.0,100.0,113.4
1985,35,34,8,28.35,150,300.0,100,100.0,225.0,100.0,28.35
1985,35,34,8,14.175,115,115.0,100,100.0,115.0,100.0,14.175
1985,35,34,8,7.0875,75,90.0,100,100.0,82.5,100.0,7.0875
1985,35,34,8,1.0,5,25.0,100,100.0,15.0,100.0,1.0
1985,35,9,10,453.6,500,500.0,100,100.0,500.0,100.0,453.6
1985,35,3,4,7.0875,60,65.0,100,100.0,62.5,100.0,7.0875
1985,35,3,4,1.0,10,25.0,100,100.0,17.5,100.0,1.0
1985,36,1,2,453.6,28000,35000.0,60,95.0,31500.0,77.5,351.54
1985,36,1,2,28.35,1900,2500.0,20,95.0,2200.0,57.5,16.30125
1985,36,1,2,7.0875,550,650.0,22,80.0,600.0,51.0,3.614625
1985,36,1,2,3.54375,300,300.0,10,40.0,300.0,25.0,0.8859375
1985,36,1,2,1.0,100,125.0,10,80.0,112.5,45.0,0.45
1985,36,20,21,453.6,80000,100000.0,90,90.0,90000.0,90.0,408.24
1985,36,20,21,28.35,9000,11000.0,45,45.0,10000.0,45.0,12.7575
1985,36,20,21,7.0875,2000,3000.0,10,22.0,2500.0,16.0,1.134
1985,36,20,21,1.0,500,700.0,10,15.0,600.0,12.5,0.125
1985,36,24,25,0.25,300,600.0,5,10.0,450.0,7.5,0.01875
1985,36,24,25,0.1,50,250.0,5,10.0,150.0,7.5,0.0075
1985,36,37,8,453.6,1000,2500.0,100,100.0,1750.0,100.0,453.6
1985,36,37,8,28.35,150,250.0,100,100.0,200.0,100.0,28.35
1985,36,37,8,7.0875,40,40.0,100,100.0,40.0,100.0,7.0875
1985,38,14,2,1000.0,35000,40000.0,95,95.0,37500.0,95.0,950.0
1985,38,14,2,28.35,1300,2500.0,30,30.0,1900.0,30.0,8.505
1985,38,14,2,1.0,100,150.0,30,60.0,125.0,45.0,0.45
1985,38,14,2,0.25,30,50.0,50,50.0,40.0,50.0,0.125
1985,38,24,25,1.0,50,500.0,2,100.0,275.0,51.0,0.51
1985,38,24,25,0.25,50,50.0,5,10.0,50.0,7.5,0.01875
1985,38,20,21,1.0,800,1000.0,15,100.0,900.0,57.5,0.575
1985,38,20,21,1.0,60,60.0,5,5.0,60.0,5.0,0.05
1985,38,20,21,0.25,50,50.0,5,10.0,50.0,7.5,0.01875
1985,38,30,31,7.0875,3000,3500.0,63,63.0,3250.0,63.0,4.465125
1985,38,30,31,0.05,50,50.0,5,10.0,50.0,7.5,0.00375
1985,38,16,10,28.35,100,100.0,100,100.0,100.0,100.0,28.35
1985,38,9,10,453.6,1300,1500.0,100,100.0,1400.0,100.0,453.6
1985,38,11,12,453.6,1800,2400.0,100,100.0,2100.0,100.0,453.6
1985,38,11,12,28.35,90,250.0,100,100.0,170.0,100.0,28.35
1985,38,11,12,7.0875,15,70.0,100,100.0,42.5,100.0,7.0875
1985,38,3,4,28.35,160,200.0,100,100.0,180.0,100.0,28.35
1985,38,3,4,1.0,15,40.0,100,100.0,27.5,100.0,1.0
1985,38,32,18,453.6,12000,20000.0,85,85.0,16000.0,85.0,385.56
1985,38,32,18,28.35,900,1200.0,95,95.0,1050.0,95.0,26.9325
1985,38,32,18,1.0,25,110.0,50,95.0,67.5,72.5,0.725
1985,39,1,2,453.6,25000,35000.0,90,90.0,30000.0,90.0,408.24
1985,39,1,2,226.8,15000,20000.0,90,90.0,17500.0,90.0,204.12
1985,39,1,2,113.4,2800,9000.0,40,40.0,5900.0,40.0,45.36
1985,39,1,2,28.35,1400,2800.0,20,40.0,2100.0,30.0,8.505
1985,39,1,2,14.175,1000,1500.0,20,40.0,1250.0,30.0,4.2525
1985,39,1,2,7.0875,600,750.0,20,40.0,675.0,30.0,2.12625
1985,39,1,2,3.54375,300,375.0,20,40.0,337.5,30.0,1.063125
1985,39,1,2,1.0,100,150.0,12,60.0,125.0,36.0,0.36
1985,39,1,2,0.5,50,80.0,30,60.0,65.0,45.0,0.225
1985,39,1,2,0.25,30,30.0,20,40.0,30.0,30.0,0.075
1985,39,1,2,0.125,35,40.0,35,40.0,37.5,37.5,0.046875
1985,39,24,25,28.35,1500,12000.0,25,50.0,6750.0,37.5,10.63125
1985,39,24,25,1.0,250,500.0,15,15.0,375.0,15.0,0.15
1985,39,30,31,453.6,85000,85000.0,60,70.0,85000.0,65.0,294.84
1985,39,30,31,28.35,5000,10000.0,60,70.0,7500.0,65.0,18.4275
1985,39,30,31,14.175,3500,4000.0,60,75.0,3750.0,67.5,9.568125
1985,39,30,31,1.0,300,600.0,40,70.0,450.0,55.0,0.55
1985,39,30,31,0.5,150,200.0,40,70.0,175.0,55.0,0.275
1985,39,30,31,0.25,75,100.0,40,75.0,87.5,57.5,0.14375
1985,39,30,31,0.125,25,100.0,20,70.0,62.5,45.0,0.05625
1985,39,40,12,453.6,1000,3000.0,100,100.0,2000.0,100.0,453.6
1985,39,40,12,113.4,250,650.0,100,100.0,450.0,100.0,113.4
1985,39,40,12,28.35,180,250.0,100,100.0,215.0,100.0,28.35
1985,39,40,12,14.175,100,125.0,100,100.0,112.5,100.0,14.175
1985,39,40,12,7.0875,50,100.0,100,100.0,75.0,100.0,7.0875
1985,39,40,12,3.54375,25,30.0,100,100.0,27.5,100.0,3.54375
1985,39,40,12,1.0,10,15.0,100,100.0,12.5,100.0,1.0
1985,39,9,10,453.6,400,1000.0,100,100.0,700.0,100.0,453.6
1985,39,3,4,453.6,1400,1600.0,100,100.0,1500.0,100.0,453.6
1985,39,3,4,113.4,250,300.0,100,100.0,275.0,100.0,113.4
1985,39,16,10,453.6,500,600.0,100,100.0,550.0,100.0,453.6
1985,39,16,10,226.8,250,400.0,100,100.0,325.0,100.0,226.8
1985,39,16,10,28.35,110,150.0,100,100.0,130.0,100.0,28.35
1985,39,16,10,7.0875,40,75.0,100,100.0,57.5,100.0,7.0875
1986,0,1,2,1000.0,35000,70000.0,50,70.0,52500.0,60.0,600.0
1986,0,1,2,453.6,20000,30000.0,30,60.0,25000.0,45.0,204.12
1986,0,1,2,226.8,14000,16000.0,30,60.0,15000.0,45.0,102.06
1986,0,1,2,113.4,7200,9000.0,30,60.0,8100.0,45.0,51.03
1986,0,1,2,28.35,900,2200.0,50,80.0,1550.0,65.0,18.4275
1986,0,1,2,3.54375,200,300.0,20,50.0,250.0,35.0,1.2403125
1986,0,1,2,1.771875,125,150.0,50,50.0,137.5,50.0,0.8859375
1986,0,1,2,1.0,60,150.0,50,60.0,105.0,55.0,0.55
1986,0,1,2,0.5,50,60.0,50,50.0,55.0,50.0,0.25
1986,0,1,2,0.25,20,30.0,20,60.0,25.0,40.0,0.1
1986,0,41,42,28.35,1880,2200.0,40,40.0,2040.0,40.0,11.34
1986,0,41,42,3.54375,280,300.0,40,40.0,290.0,40.0,1.4175
1986,0,41,42,1.0,100,110.0,40,40.0,105.0,40.0,0.4
1986,0,41,42,0.5,35,50.0,40,40.0,42.5,40.0,0.2
1986,0,41,42,0.25,25,30.0,40,40.0,27.5,40.0,0.1
1986,0,43,25,28.35,4000,12000.0,70,90.0,8000.0,80.0,22.68
1986,0,43,25,28.35,2500,5000.0,4,10.0,3750.0,7.0,1.9845
1986,0,43,25,28.35,750,1800.0,1,3.0,1275.0,2.0,0.567
1986,0,43,25,1.0,400,600.0,10,70.0,500.0,40.0,0.4
1986,0,43,25,1.0,100,250.0,2,8.0,175.0,5.0,0.05
1986,0,43,25,1.0,25,50.0,1,3.0,37.5,2.0,0.02
1986,0,43,25,0.5,40,50.0,1,3.0,45.0,2.0,0.01
1986,0,43,25,0.25,10,30.0,2,5.0,20.0,3.5,0.00875
1986,0,43,25,0.15,10,30.0,1,5.0,20.0,3.0,0.0045
1986,44,45,31,28.35,5500,8000.0,70,70.0,6750.0,70.0,19.845
1986,0,45,31,28.35,2000,2000.0,20,20.0,2000.0,20.0,5.67
1986,0,45,31,14.175,4000,4000.0,10,60.0,4000.0,35.0,4.96125
1986,0,45,31,1.0,100,500.0,50,80.0,300.0,65.0,0.65
1986,0,45,31,0.5,60,100.0,50,80.0,80.0,65.0,0.325
1986,0,45,31,0.25,40,70.0,50,70.0,55.0,60.0,0.15
1986,0,45,31,0.1,50,75.0,10,50.0,62.5,30.0,0.03
1986,0,45,31,0.04,20,30.0,10,50.0,25.0,30.0,0.012
1986,0,9,10,28.35,50,60.0,100,100.0,55.0,100.0,28.35
1986,0,7,8,453.6,450,1100.0,100,100.0,775.0,100.0,453.6
1986,0,7,8,28.35,60,60.0,100,100.0,60.0,100.0,28.35
1986,0,3,4,1.0,10,15.0,100,100.0,12.5,100.0,1.0
1986,0,16,10,453.6,1500,1500.0,100,100.0,1500.0,100.0,453.6
1986,0,16,10,28.35,200,200.0,100,100.0,200.0,100.0,28.35
1986,0,11,12,453.6,1800,2500.0,100,100.0,2150.0,100.0,453.6
1986,0,11,12,453.6,1500,1500.0,100,100.0,1500.0,100.0,453.6
1986,0,11,12,453.6,400,600.0,100,100.0,500.0,100.0,453.6
1986,0,11,12,28.35,80,100.0,100,100.0,90.0,100.0,28.35
1986,0,11,12,14.175,70,70.0,100,100.0,70.0,100.0,14.175
1986,0,11,12,14.175,25,30.0,100,100.0,27.5,100.0,14.175
1986,0,11,12,7.0875,45,45.0,100,100.0,45.0,100.0,7.0875
1986,0,11,12,3.54375,25,25.0,100,100.0,25.0,100.0,3.54375
1986,0,11,12,3.54375,10,25.0,100,100.0,17.5,100.0,3.54375
1986,0,11,12,1.0,5,10.0,100,100.0,7.5,100.0,1.0
1986,0,32,18,453.6,6000,14000.0,50,80.0,10000.0,65.0,294.84
1986,0,32,18,226.8,3500,4800.0,50,80.0,4150.0,65.0,147.42
1986,0,32,18,113.4,1800,2200.0,50,80.0,2000.0,65.0,73.71
1986,0,32,18,28.35,800,2500.0,50,60.0,1650.0,55.0,15.5925
1986,0,32,18,14.175,350,750.0,30,30.0,550.0,30.0,4.2525
1986,0,32,18,7.0875,300,400.0,15,25.0,350.0,20.0,1.4175
1986,0,32,18,3.54375,150,225.0,50,60.0,187.5,55.0,1.9490625
1986,0,32,18,1.771875,100,125.0,50,50.0,112.5,50.0,0.8859375
1986,0,32,18,1.0,70,100.0,20,60.0,85.0,40.0,0.4
1986,0,32,18,0.5,25,60.0,20,60.0,42.5,40.0,0.2
1986,0,32,18,0.25,20,25.0,60,60.0,22.5,60.0,0.15
1986,13,1,2,1000.0,34000,42000.0,60,90.0,38000.0,75.0,750.0
1986,13,1,2,453.6,25000,25000.0,60,90.0,25000.0,75.0,340.2
1986,13,1,2,28.35,1200,2000.0,40,90.0,1600.0,65.0,18.4275
1986,13,1,2,1.0,90,125.0,20,93.0,107.5,56.5,0.565
1986,13,1,2,0.5,50,60.0,20,93.0,55.0,56.5,0.2825
1986,13,1,2,0.25,25,25.0,20,93.0,25.0,56.5,0.14125
1986,13,1,2,0.1,20,25.0,60,80.0,22.5,70.0,0.07
1986,13,46,25,1000.0,100000,230000.0,50,99.0,165000.0,74.5,745.0
1986,13,46,25,1000.0,60000,75000.0,5,10.0,67500.0,7.5,75.0
1986,13,46,25,453.6,90000,95000.0,90,90.0,92500.0,90.0,408.24
1986,13,46,25,28.35,5000,12000.0,30,90.0,8500.0,60.0,17.01
1986,13,46,25,28.35,4000,6000.0,25,25.0,5000.0,25.0,7.0875
1986,13,46,25,28.35,800,1600.0,2,4.0,1200.0,3.0,0.8505
1986,13,46,25,1.0,250,300.0,60,60.0,275.0,60.0,0.6
1986,13,46,25,1.0,100,150.0,1,3.0,125.0,2.0,0.02
1986,13,46,25,0.5,140,140.0,60,60.0,140.0,60.0,0.3
1986,13,46,25,0.5,40,50.0,1,3.0,45.0,2.0,0.01
1986,13,46,25,0.055,10,20.0,3,6.0,15.0,4.5,0.002475
1986,13,47,31,453.6,55000,60000.0,80,80.0,57500.0,80.0,362.88
1986,13,47,31,28.35,4000,8000.0,40,60.0,6000.0,50.0,14.175
1986,13,47,31,1.0,250,300.0,40,40.0,275.0,40.0,0.4
1986,13,47,31,0.06,20,30.0,2,2.0,25.0,2.0,0.0012
1986,13,47,31,0.025,25,30.0,28,40.0,27.5,34.0,0.0085
1986,13,20,21,1000.0,90000,220000.0,50,99.0,155000.0,74.5,745.0
1986,13,20,21,453.6,16000,96000.0,50,80.0,56000.0,65.0,294.84
1986,13,20,21,28.35,2500,8500.0,30,80.0,5500.0,55.0,15.5925
1986,13,34,8,453.6,425,500.0,100,100.0,462.5,100.0,453.6
1986,13,34,8,28.35,60,80.0,100,100.0,70.0,100.0,28.35
1986,13,34,8,1.0,20,30.0,100,100.0,25.0,100.0,1.0
1986,13,34,8,0.15,5,5.0,100,100.0,5.0,100.0,0.15
1986,13,3,4,453.6,1500,2000.0,100,100.0,1750.0,100.0,453.6
1986,13,3,4,28.35,175,225.0,100,100.0,200.0,100.0,28.35
1986,13,3,4,1.0,10,10.0,100,100.0,10.0,100.0,1.0
1986,13,3,4,0.5,3,3.0,100,100.0,3.0,100.0,0.5
1986,13,16,10,453.6,400,500.0,100,100.0,450.0,100.0,453.6
1986,13,11,12,453.6,1000,3000.0,100,100.0,2000.0,100.0,453.6
1986,13,11,12,28.35,125,400.0,100,100.0,262.5,100.0,28.35
1986,13,11,12,3.54375,20,25.0,100,100.0,22.5,100.0,3.54375
1986,13,11,12,1.0,10,10.0,100,100.0,10.0,100.0,1.0
1986,13,32,18,28.35,950,1500.0,20,20.0,1225.0,20.0,5.67
1986,13,32,18,3.54375,125,175.0,30,90.0,150.0,60.0,2.12625
1986,13,32,18,1.0,60,125.0,20,90.0,92.5,55.0,0.55
1986,13,32,18,0.125,25,25.0,40,60.0,25.0,50.0,0.0625
1986,13,32,18,0.625,40,60.0,60,80.0,50.0,70.0,0.4375
1986,19,1,2,1000.0,75000,75000.0,94,94.0,75000.0,94.0,940.0
1986,19,1,2,453.6,35000,35000.0,70,80.0,35000.0,75.0,340.2
1986,19,1,2,28.35,1000,2200.0,40,92.0,1600.0,66.0,18.711
1986,19,1,2,1.0,80,100.0,40,40.0,90.0,40.0,0.4
1986,19,1,2,0.5,50,60.0,40,40.0,55.0,40.0,0.2
1986,19,1,2,0.25,25,30.0,40,40.0,27.5,40.0,0.1
1986,19,20,21,453.6,160000,160000.0,50,50.0,160000.0,50.0,226.8
1986,19,20,21,28.35,2200,2200.0,96,98.0,2200.0,97.0,27.4995
1986,19,20,21,1.0,400,400.0,50,50.0,400.0,50.0,0.5
1986,19,20,21,0.375,200,200.0,50,50.0,200.0,50.0,0.1875
1986,19,30,31,28.35,4800,4800.0,80,80.0,4800.0,80.0,22.68
1986,19,30,31,1.0,240,240.0,80,80.0,240.0,80.0,0.8
1986,19,48,8,453.6,1800,1800.0,100,100.0,1800.0,100.0,453.6
1986,19,48,8,28.35,160,160.0,100,100.0,160.0,100.0,28.35
1986,19,48,8,3.54375,25,25.0,100,100.0,25.0,100.0,3.54375
1986,19,48,8,1.0,10,10.0,100,100.0,10.0,100.0,1.0
1986,19,48,8,0.5,5,5.0,100,100.0,5.0,100.0,0.5
1986,19,32,18,0.5,30,40.0,40,40.0,35.0,40.0,0.2
1986,19,32,18,0.25,20,20.0,40,40.0,20.0,40.0,0.1
1986,22,14,2,1000.0,30000,48000.0,80,90.0,39000.0,85.0,850.0
1986,22,14,2,28.35,1000,2200.0,20,80.0,1600.0,50.0,14.175
1986,22,14,2,0.5,100,125.0,15,20.0,112.5,17.5,0.0875
1986,22,43,25,1000.0,160000,160000.0,80,80.0,160000.0,80.0,800.0
1986,22,43,25,453.6,96000,96000.0,80,80.0,96000.0,80.0,362.88
1986,22,43,25,453.6,16000,16000.0,1,4.0,16000.0,2.5,11.34
1986,22,43,25,28.35,3000,5000.0,60,80.0,4000.0,70.0,19.845
1986,22,43,25,28.35,1200,1200.0,1,4.0,1200.0,2.5,0.70875
1986,22,43,25,1.0,230,280.0,60,80.0,255.0,70.0,0.7
1986,22,43,25,1.0,150,150.0,1,4.0,150.0,2.5,0.025
1986,22,43,25,0.1,25,100.0,1,10.0,62.5,5.5,0.0055
1986,22,43,25,0.15,15,25.0,1,3.0,20.0,2.0,0.003
1986,22,30,31,453.6,56000,56000.0,80,90.0,56000.0,85.0,385.56
1986,22,30,31,28.35,4000,5400.0,60,60.0,4700.0,60.0,17.01
1986,22,30,31,14.175,2000,2000.0,60,60.0,2000.0,60.0,8.505
1986,22,30,31,1.0,450,500.0,60,60.0,475.0,60.0,0.6
1986,22,20,21,453.6,100000,100000.0,80,80.0,100000.0,80.0,362.88
1986,22,20,21,28.35,4400,8000.0,80,80.0,6200.0,80.0,22.68
1986,22,20,21,28.35,1700,2000.0,5,10.0,1850.0,7.5,2.12625
1986,22,20,21,1.0,125,300.0,5,10.0,212.5,7.5,0.075
1986,22,34,8,453.6,300,600.0,100,100.0,450.0,100.0,453.6
1986,22,34,8,28.35,50,70.0,100,100.0,60.0,100.0,28.35
1986,22,49,10,453.6,450,1000.0,100,100.0,725.0,100.0,453.6
1986,22,49,10,28.35,100,150.0,100,100.0,125.0,100.0,28.35
1986,22,49,10,14.175,50,60.0,100,100.0,55.0,100.0,14.175
1986,22,49,10,7.0875,30,30.0,100,100.0,30.0,100.0,7.0875
1986,22,49,10,3.54375,20,25.0,100,100.0,22.5,100.0,3.54375
1986,22,49,10,1.0,10,10.0,100,100.0,10.0,100.0,1.0
1986,22,11,12,453.6,1500,3000.0,100,100.0,2250.0,100.0,453.6
1986,22,11,12,113.4,350,350.0,100,100.0,350.0,100.0,113.4
1986,22,11,12,28.35,120,150.0,100,100.0,135.0,100.0,28.35
1986,22,32,18,453.6,15000,18000.0,60,80.0,16500.0,70.0,317.52
1986,22,32,18,28.35,900,1900.0,60,80.0,1400.0,70.0,19.845
1986,22,32,18,3.54375,175,225.0,70,70.0,200.0,70.0,2.480625
1986,22,32,18,1.0,75,125.0,70,70.0,100.0,70.0,0.7
1986,23,1,2,1000.0,30000,48000.0,75,75.0,39000.0,75.0,750.0
1986,23,1,2,453.6,15000,32000.0,65,65.0,23500.0,65.0,294.84
1986,23,1,2,113.4,5000,6000.0,70,80.0,5500.0,75.0,85.05
1986,23,1,2,28.35,1200,3000.0,45,45.0,2100.0,45.0,12.7575
1986,23,1,2,3.54375,225,300.0,50,80.0,262.5,65.0,2.3034375
1986,23,1,2,1.0,100,150.0,18,70.0,125.0,44.0,0.44
1986,23,1,2,0.125,25,25.0,15,20.0,25.0,17.5,0.021875
1986,23,50,42,0.5,50,50.0,40,50.0,50.0,45.0,0.225
1986,23,50,42,0.25,20,25.0,40,50.0,22.5,45.0,0.1125
1986,23,43,25,1000.0,100000,200000.0,50,65.0,150000.0,57.5,575.0
1986,23,43,25,453.6,50000,60000.0,50,60.0,55000.0,55.0,249.48
1986,23,43,25,28.35,3000,7000.0,50,60.0,5000.0,55.0,15.5925
1986,23,43,25,1.0,100,300.0,2,50.0,200.0,26.0,0.26
1986,23,43,25,0.5,30,90.0,3,12.0,60.0,7.5,0.0375
1986,23,47,31,453.6,160000,160000.0,68,68.0,160000.0,68.0,308.448
1986,23,47,31,28.35,4200,8000.0,45,80.0,6100.0,62.5,17.71875
1986,23,47,31,1.0,225,500.0,30,90.0,362.5,60.0,0.6
1986,23,47,31,1.0,170,270.0,5,7.0,220.0,6.0,0.06
1986,23,47,31,0.1,20,25.0,40,90.0,22.5,65.0,0.065
1986,23,20,21,453.6,70000,85000.0,75,90.0,77500.0,82.5,374.22
1986,23,20,21,28.35,5000,12000.0,40,90.0,8500.0,65.0,18.4275
1986,23,20,21,1.0,230,500.0,75,75.0,365.0,75.0,0.75
1986,23,32,18,28.35,700,1200.0,85,85.0,950.0,85.0,24.0975
1986,26,1,2,1000.0,28000,42000.0,60,92.0,35000.0,76.0,760.0
1986,26,1,2,453.6,15000,21000.0,60,92.0,18000.0,76.0,344.736
1986,26,1,2,28.35,1200,1900.0,42,60.0,1550.0,51.0,14.4585
1986,26,1,2,7.0875,550,550.0,30,40.0,550.0,35.0,2.480625
1986,26,1,2,3.54375,250,300.0,30,40.0,275.0,35.0,1.2403125
1986,26,1,2,1.0,100,100.0,30,40.0,100.0,35.0,0.35
1986,26,47,31,1000.0,250000,300000.0,60,80.0,275000.0,70.0,700.0
1986,26,47,31,453.6,125000,150000.0,60,80.0,137500.0,70.0,317.52
1986,26,47,31,28.35,4000,7000.0,24,70.0,5500.0,47.0,13.3245
1986,26,51,8,453.6,600,1100.0,100,100.0,850.0,100.0,453.6
1986,26,51,8,226.8,475,475.0,100,100.0,475.0,100.0,226.8
1986,26,51,8,28.35,100,200.0,100,100.0,150.0,100.0,28.35
1986,26,51,8,7.0875,25,35.0,100,100.0,30.0,100.0,7.0875
1986,26,51,8,2.25,20,20.0,100,100.0,20.0,100.0,2.25
1986,26,52,10,453.6,1450,1450.0,100,100.0,1450.0,100.0,453.6
1986,26,52,10,226.8,350,600.0,100,100.0,475.0,100.0,226.8
1986,26,52,10,28.35,90,110.0,100,100.0,100.0,100.0,28.35
1986,26,52,10,14.175,50,60.0,100,100.0,55.0,100.0,14.175
1986,26,52,10,7.0875,25,35.0,100,100.0,30.0,100.0,7.0875
1986,26,3,4,453.6,1400,1500.0,100,100.0,1450.0,100.0,453.6
1986,26,3,4,226.8,700,800.0,100,100.0,750.0,100.0,226.8
1986,26,3,4,28.35,140,150.0,100,100.0,145.0,100.0,28.35
1986,26,3,4,14.175,70,80.0,100,100.0,75.0,100.0,14.175
1986,26,3,4,7.0875,45,50.0,100,100.0,47.5,100.0,7.0875
1986,26,3,4,1.0,10,15.0,100,100.0,12.5,100.0,1.0
1986,26,11,12,453.6,2000,2000.0,100,100.0,2000.0,100.0,453.6
1986,26,11,12,28.35,100,250.0,100,100.0,175.0,100.0,28.35
1986,26,11,12,7.0875,100,100.0,100,100.0,100.0,100.0,7.0875
1986,26,11,12,3.5,10,10.0,100,100.0,10.0,100.0,3.5
1986,28,14,2,1000.0,25000,45000.0,98,98.0,35000.0,98.0,980.0
1986,28,14,2,28.35,1500,2700.0,40,40.0,2100.0,40.0,11.34
1986,28,53,31,453.6,80000,100000.0,60,70.0,90000.0,65.0,294.84
1986,28,16,10,453.6,200,700.0,100,100.0,450.0,100.0,453.6
1986,28,16,10,28.35,45,150.0,100,100.0,97.5,100.0,28.35
1986,28,7,8,453.6,400,700.0,100,100.0,550.0,100.0,453.6
1986,28,7,8,28.35,45,165.0,100,100.0,105.0,100.0,28.35
1986,28,11,12,453.6,1400,3000.0,100,100.0,2200.0,100.0,453.6
1986,28,11,12,28.35,125,250.0,100,100.0,187.5,100.0,28.35
1986,28,3,4,453.6,1300,1500.0,100,100.0,1400.0,100.0,453.6
1986,28,3,4,28.35,100,150.0,100,100.0,125.0,100.0,28.35
1986,28,3,4,1.0,10,15.0,100,100.0,12.5,100.0,1.0
1986,28,32,18,453.6,9000,18000.0,95,95.0,13500.0,95.0,430.92
1986,28,32,18,28.35,1500,2700.0,30,30.0,2100.0,30.0,8.505
1986,35,1,2,1000.0,45000,80000.0,40,96.0,62500.0,68.0,680.0
1986,35,1,2,453.6,25000,40000.0,40,96.0,32500.0,68.0,308.448
1986,35,1,2,28.35,1500,3000.0,40,80.0,2250.0,60.0,17.01
1986,35,1,2,7.0875,750,800.0,40,80.0,775.0,60.0,4.2525
1986,35,1,2,1.0,100,180.0,15,25.0,140.0,20.0,0.2
1986,35,53,31,453.6,80000,100000.0,68,68.0,90000.0,68.0,308.448
1986,35,53,31,28.35,6500,8500.0,34,34.0,7500.0,34.0,9.639
1986,35,53,31,1.0,1000,1100.0,34,34.0,1050.0,34.0,0.34
1986,35,32,18,453.6,30000,40000.0,65,65.0,35000.0,65.0,294.84
1986,35,32,18,28.35,2200,2800.0,65,65.0,2500.0,65.0,18.4275
1986,35,32,18,1.0,100,125.0,25,25.0,112.5,25.0,0.25
1986,35,54,8,1000.0,4000,5000.0,100,100.0,4500.0,100.0,1000.0
1986,35,54,8,453.6,1800,2400.0,100,100.0,2100.0,100.0,453.6
1986,35,54,8,226.8,1600,1600.0,100,100.0,1600.0,100.0,226.8
1986,35,54,8,113.4,850,850.0,100,100.0,850.0,100.0,113.4
1986,35,54,8,28.35,150,380.0,100,100.0,265.0,100.0,28.35
1986,35,54,8,14.175,115,115.0,100,100.0,115.0,100.0,14.175
1986,35,54,8,7.0875,75,90.0,100,100.0,82.5,100.0,7.0875
1986,35,54,8,1.0,10,15.0,100,100.0,12.5,100.0,1.0
1986,35,52,10,453.6,500,500.0,100,100.0,500.0,100.0,453.6
1986,35,3,4,28.35,2800,3300.0,100,100.0,3050.0,100.0,28.35
1986,35,3,4,7.0875,60,80.0,100,100.0,70.0,100.0,7.0875
1986,35,3,4,1.0,15,15.0,100,100.0,15.0,100.0,1.0
1986,36,1,2,453.6,27000,35000.0,30,95.0,31000.0,62.5,283.5
1986,36,1,2,28.35,2000,2700.0,60,70.0,2350.0,65.0,18.4275
1986,36,1,2,7.0875,550,700.0,22,80.0,625.0,51.0,3.614625
1986,36,1,2,3.54375,300,300.0,10,40.0,300.0,25.0,0.8859375
1986,36,1,2,1.0,100,120.0,25,30.0,110.0,27.5,0.275
1986,36,1,2,0.25,25,25.0,25,30.0,25.0,27.5,0.06875
1986,36,55,21,453.6,80000,100000.0,90,90.0,90000.0,90.0,408.24
1986,36,55,21,28.35,9000,11000.0,45,45.0,10000.0,45.0,12.7575
1986,36,55,21,7.0875,2000,3000.0,10,22.0,2500.0,16.0,1.134
1986,36,55,21,3.54375,1700,1700.0,80,80.0,1700.0,80.0,2.835
1986,36,55,21,1.0,500,700.0,10,15.0,600.0,12.5,0.125
1986,36,55,21,0.25,175,175.0,50,50.0,175.0,50.0,0.125
1986,36,55,21,0.04,40,40.0,20,20.0,40.0,20.0,0.008
1986,36,56,25,0.25,300,600.0,5,10.0,450.0,7.5,0.01875
1986,36,56,25,0.1,50,250.0,5,10.0,150.0,7.5,0.0075
1986,36,48,8,453.6,1000,2500.0,100,100.0,1750.0,100.0,453.6
1986,36,48,8,28.35,140,250.0,100,100.0,195.0,100.0,28.35
1986,36,48,8,4.5,20,20.0,100,100.0,20.0,100.0,4.5
1986,36,48,8,2.5,1,1.0,100,100.0,1.0,100.0,2.5
1986,36,3,4,453.6,2000,2000.0,100,100.0,2000.0,100.0,453.6
1986,38,14,2,28.35,1000,2200.0,35,40.0,1600.0,37.5,10.63125
1986,38,14,2,1.0,80,120.0,35,40.0,100.0,37.5,0.375
1986,38,56,25,1.0,50,500.0,2,100.0,275.0,51.0,0.51
1986,38,56,25,0.25,50,50.0,5,10.0,50.0,7.5,0.01875
1986,38,57,21,28.35,7000,9000.0,92,92.0,8000.0,92.0,26.082
1986,38,57,21,1.0,800,1000.0,15,100.0,900.0,57.5,0.575
1986,38,57,21,1.0,60,60.0,5,5.0,60.0,5.0,0.05
1986,38,57,21,0.25,50,50.0,5,10.0,50.0,7.5,0.01875
1986,38,53,31,7.0875,3000,3500.0,63,63.0,3250.0,63.0,4.465125
1986,38,53,31,1.0,120,560.0,5,90.0,340.0,47.5,0.475
1986,38,53,31,0.0627451,10,50.0,5,55.0,30.0,30.0,0.01882353
1986,38,52,10,453.6,1300,1500.0,100,100.0,1400.0,100.0,453.6
1986,38,52,10,14.175,25,90.0,100,100.0,57.5,100.0,14.175
1986,38,52,10,7.0875,15,70.0,100,100.0,42.5,100.0,7.0875
1986,38,52,10,3.54375,12,15.0,100,100.0,13.75,100.0,3.54375
1986,38,52,10,1.0,10,10.0,100,100.0,10.0,100.0,1.0
1986,38,54,8,453.6,1800,2400.0,100,100.0,2100.0,100.0,453.6
1986,38,58,10,453.6,700,1000.0,100,100.0,850.0,100.0,453.6
1986,38,58,10,113.4,250,350.0,100,100.0,300.0,100.0,113.4
1986,38,58,10,28.35,90,110.0,100,100.0,100.0,100.0,28.35
1986,38,58,10,7.0875,25,30.0,100,100.0,27.5,100.0,7.0875
1986,38,59,12,453.6,1800,2500.0,100,100.0,2150.0,100.0,453.6
1986,38,59,12,113.4,250,350.0,100,100.0,300.0,100.0,113.4
1986,38,59,12,28.35,90,200.0,100,100.0,145.0,100.0,28.35
1986,38,59,12,14.175,25,90.0,100,100.0,57.5,100.0,14.175
1986,38,59,12,7.0875,15,70.0,100,100.0,42.5,100.0,7.0875
1986,38,59,12,3.54375,12,15.0,100,100.0,13.75,100.0,3.54375
1986,38,59,12,1.0,10,10.0,100,100.0,10.0,100.0,1.0
1986,38,3,4,1.0,20,40.0,100,100.0,30.0,100.0,1.0
1986,38,3,4,0.25,20,30.0,100,100.0,25.0,100.0,0.25
1986,38,32,18,1.0,15,140.0,20,80.0,77.5,50.0,0.5
1986,39,1,2,1000.0,23000,50000.0,55,90.0,36500.0,72.5,725.0
1986,39,1,2,453.6,22000,30000.0,55,90.0,26000.0,72.5,328.86
1986,39,1,2,226.8,12000,20000.0,55,95.0,16000.0,75.0,170.1
1986,39,1,2,113.4,5000,8000.0,55,92.0,6500.0,73.5,83.349
1986,39,1,2,28.35,1600,2600.0,30,95.0,2100.0,62.5,17.71875
1986,39,1,2,14.175,800,1300.0,55,95.0,1050.0,75.0,10.63125
1986,39,1,2,7.0875,550,675.0,55,95.0,612.5,75.0,5.315625
1986,39,1,2,3.54375,250,380.0,55,95.0,315.0,75.0,2.6578125
1986,39,1,2,1.0,90,150.0,30,95.0,120.0,62.5,0.625
1986,39,1,2,0.5,50,65.0,20,50.0,57.5,35.0,0.175
1986,39,1,2,0.25,25,40.0,20,50.0,32.5,35.0,0.0875
1986,39,56,25,28.35,1500,12000.0,25,50.0,6750.0,37.5,10.63125
1986,39,56,25,1.0,250,500.0,15,15.0,375.0,15.0,0.15
1986,39,45,31,453.6,82900,96000.0,95,95.0,89450.0,95.0,430.92
1986,39,45,31,28.35,4400,8000.0,50,80.0,6200.0,65.0,18.4275
1986,39,45,31,14.175,2400,3000.0,50,80.0,2700.0,65.0,9.21375
1986,39,45,31,1.0,180,400.0,30,80.0,290.0,55.0,0.55
1986,39,45,31,0.125,20,65.0,50,80.0,42.5,65.0,0.08125
1986,39,52,10,453.6,400,1000.0,100,100.0,700.0,100.0,453.6
1986,39,54,8,453.6,1800,2400.0,100,100.0,2100.0,100.0,453.6
1986,39,54,8,113.4,500,650.0,100,100.0,575.0,100.0,113.4
1986,39,54,8,28.35,150,180.0,100,100.0,165.0,100.0,28.35
1986,39,54,8,3.54375,30,30.0,100,100.0,30.0,100.0,3.54375
1986,39,54,8,1.0,10,10.0,100,100.0,10.0,100.0,1.0
1986,39,3,4,453.6,1400,1600.0,100,100.0,1500.0,100.0,453.6
1986,39,3,4,113.4,250,300.0,100,100.0,275.0,100.0,113.4
1986,39,3,4,28.35,180,180.0,100,100.0,180.0,100.0,28.35
1986,39,60,8,9072.0,18000,18000.0,100,100.0,18000.0,100.0,9072.0
1986,39,60,8,453.6,500,1200.0,100,100.0,850.0,100.0,453.6
1986,39,60,8,226.8,300,700.0,100,100.0,500.0,100.0,226.8
1986,39,60,8,113.4,160,400.0,100,100.0,280.0,100.0,113.4
1986,39,60,8,28.35,65,225.0,100,100.0,145.0,100.0,28.35
1986,39,60,8,14.175,50,60.0,100,100.0,55.0,100.0,14.175
1986,39,60,8,7.0875,20,20.0,100,100.0,20.0,100.0,7.0875
1986,39,60,8,1.0,5,15.0,100,100.0,10.0,100.0,1.0
1986,39,58,10,453.6,650,1300.0,100,100.0,975.0,100.0,453.6
1986,39,58,10,226.8,250,400.0,100,100.0,325.0,100.0,226.8
1986,39,58,10,113.4,200,350.0,100,100.0,275.0,100.0,113.4
1986,39,58,10,28.35,110,150.0,100,100.0,130.0,100.0,28.35
1986,39,58,10,7.0875,40,75.0,100,100.0,57.5,100.0,7.0875
1986,39,59,12,453.6,1000,3000.0,100,100.0,2000.0,100.0,453.6
1986,39,59,12,113.4,400,500.0,100,100.0,450.0,100.0,113.4
1986,39,59,12,56.7,250,300.0,100,100.0,275.0,100.0,56.7
1986,39,59,12,28.35,150,180.0,100,100.0,165.0,100.0,28.35
1986,39,59,12,14.175,100,180.0,100,100.0,140.0,100.0,14.175
1986,39,59,12,7.0875,50,100.0,100,100.0,75.0,100.0,7.0875
1986,39,59,12,3.54375,25,30.0,100,100.0,27.5,100.0,3.54375
1986,39,59,12,1.0,10,12.0,100,100.0,11.0,100.0,1.0
1986,39,61,8,9072.0,24000,24000.0,100,100.0,24000.0,100.0,9072.0
1986,39,61,8,453.6,1500,3000.0,100,100.0,2250.0,100.0,453.6
1986,39,61,8,226.8,800,1200.0,100,100.0,1000.0,100.0,226.8
1986,39,61,8,113.4,500,750.0,100,100.0,625.0,100.0,113.4
1986,39,61,8,3.54375,30,30.0,100,100.0,30.0,100.0,3.54375
1986,39,61,8,1.0,10,10.0,100,100.0,10.0,100.0,1.0
1988,35,1,2,28.35,1000,1200.0,90,100.0,1100.0,95.0,26.9325
1988,35,62,8,0.5,5,10.0,100,100.0,7.5,100.0,0.5
1988,35,62,8,1.0,10,20.0,100,100.0,15.0,100.0,1.0
1988,35,62,8,28.35,150,250.0,100,100.0,200.0,100.0,28.35
1988,35,62,8,113.4,500,700.0,100,100.0,600.0,100.0,113.4
1988,35,62,8,453.6,1600,2400.0,100,100.0,2000.0,100.0,453.6
1988,35,3,4,1.0,10,10.0,100,100.0,10.0,100.0,1.0
1988,35,3,4,7.0875,50,50.0,100,100.0,50.0,100.0,7.0875
1988,35,3,4,453.6,2800,2800.0,100,100.0,2800.0,100.0,453.6
1988,0,1,2,0.25,20,30.0,30,40.0,25.0,35.0,0.0875
1988,0,1,2,0.5,30,60.0,30,40.0,45.0,35.0,0.175
1988,0,1,2,1.0,80,125.0,3,50.0,102.5,26.5,0.265
1988,0,1,2,1.771875,150,175.0,40,60.0,162.5,50.0,0.8859375
1988,0,1,2,3.54375,175,300.0,40,60.0,237.5,50.0,1.771875
1988,0,1,2,28.35,900,1800.0,50,80.0,1350.0,65.0,18.4275
1988,0,1,2,453.6,15000,20000.0,80,80.0,17500.0,80.0,362.88
1988,0,1,2,1000.0,10000,25000.0,80,100.0,17500.0,90.0,900.0
1988,0,50,42,0.5,40,50.0,30,40.0,45.0,35.0,0.175
1988,0,50,42,0.25,20,25.0,30,40.0,22.5,35.0,0.0875
1988,0,50,42,1.771875,75,100.0,30,40.0,87.5,35.0,0.62015625
1988,0,50,42,28.35,900,2000.0,30,40.0,1450.0,35.0,9.9225
1988,0,56,25,1.0,400,600.0,50,60.0,500.0,55.0,0.55
1988,0,56,25,28.35,5000,10000.0,50,50.0,7500.0,50.0,14.175
1988,0,30,31,0.1,20,30.0,30,60.0,25.0,45.0,0.045
1988,0,30,31,0.125,35,40.0,30,60.0,37.5,45.0,0.05625
1988,0,30,31,0.25,50,70.0,30,60.0,60.0,45.0,0.1125
1988,0,30,31,0.5,90,120.0,30,60.0,105.0,45.0,0.225
1988,0,30,31,1.0,150,300.0,30,60.0,225.0,45.0,0.45
1988,0,30,31,14.175,2000,2200.0,40,60.0,2100.0,50.0,7.0875
1988,0,30,31,28.35,2400,4600.0,40,80.0,3500.0,60.0,17.01
1988,0,30,31,453.6,34000,40000.0,60,80.0,37000.0,70.0,317.52
1988,0,52,10,453.6,400,500.0,100,100.0,450.0,100.0,453.6
1988,0,63,8,1.0,10,10.0,100,100.0,10.0,100.0,1.0
1988,0,63,8,3.54375,30,35.0,100,100.0,32.5,100.0,3.54375
1988,0,63,8,7.0875,60,75.0,100,100.0,67.5,100.0,7.0875
1988,0,63,8,28.35,150,175.0,100,100.0,162.5,100.0,28.35
1988,0,63,8,453.6,1800,2500.0,100,100.0,2150.0,100.0,453.6
1988,0,3,4,1.0,10,40.0,100,100.0,25.0,100.0,1.0
1988,0,58,10,7.0875,40,40.0,100,100.0,40.0,100.0,7.0875
1988,0,58,10,28.35,100,120.0,100,100.0,110.0,100.0,28.35
1988,0,58,10,453.6,1500,1500.0,100,100.0,1500.0,100.0,453.6
1988,0,59,12,3.54375,60,80.0,100,100.0,70.0,100.0,3.54375
1988,0,59,12,7.0875,100,150.0,100,100.0,125.0,100.0,7.0875
1988,0,59,12,28.35,400,600.0,100,100.0,500.0,100.0,28.35
1988,0,59,12,453.6,3500,4000.0,100,100.0,3750.0,100.0,453.6
1988,0,64,18,0.125,10,30.0,40,60.0,20.0,50.0,0.0625
1988,0,64,18,0.25,20,30.0,40,60.0,25.0,50.0,0.125
1988,0,64,18,0.5,35,45.0,50,50.0,40.0,50.0,0.25
1988,0,64,18,1.0,60,120.0,40,60.0,90.0,50.0,0.5
1988,0,64,18,1.771875,90,100.0,40,60.0,95.0,50.0,0.8859375
1988,0,64,18,3.54375,160,250.0,50,50.0,205.0,50.0,1.771875
1988,0,64,18,14.175,350,400.0,50,50.0,375.0,50.0,7.0875
1988,0,64,18,28.35,800,1400.0,60,80.0,1100.0,70.0,19.845
1988,0,64,18,453.6,10000,16000.0,60,90.0,13000.0,75.0,340.2
1988,13,1,2,1.0,50,125.0,20,93.0,87.5,56.5,0.565
1988,13,1,2,28.35,900,1300.0,70,80.0,1100.0,75.0,21.2625
1988,13,1,2,453.6,6000,8500.0,85,90.0,7250.0,87.5,396.9
1988,13,1,2,1000.0,10000,18000.0,85,90.0,14000.0,87.5,875.0
1988,13,50,42,1.0,15,25.0,75,90.0,20.0,82.5,0.825
1988,13,5,6,0.25,10,25.0,1,4.0,17.5,2.75,0.006875
1988,13,5,6,1.0,75,120.0,6,35.0,97.5,20.5,0.205
1988,13,5,6,1.0,250,300.0,60,60.0,275.0,60.0,0.6
1988,13,5,6,28.35,3000,4500.0,40,60.0,3750.0,50.0,14.175
1988,13,5,6,453.6,59000,65000.0,40,70.0,62000.0,55.0,249.48
1988,13,5,6,1000.0,120000,160000.0,50,75.0,140000.0,62.5,625.0
1988,13,30,31,0.1,20,30.0,1,3.0,25.0,2.0,0.002
1988,13,30,31,0.2,25,40.0,28,40.0,32.5,34.0,0.068
1988,13,30,31,0.25,20,40.0,30,75.0,30.0,52.5,0.13125
1988,13,30,31,1.0,120,400.0,40,75.0,260.0,57.5,0.575
1988,13,30,31,28.35,3700,4500.0,40,70.0,4100.0,55.0,15.5925
1988,13,30,31,453.6,60000,70000.0,65,70.0,65000.0,67.5,306.18
1988,13,20,21,0.1,20,20.0,3,3.0,20.0,3.0,0.003
1988,13,20,21,28.35,5600,8000.0,20,90.0,6800.0,55.0,15.5925
1988,13,20,21,1000.0,140000,155000.0,85,90.0,147500.0,87.5,875.0
1988,13,61,8,0.5,10,20.0,100,100.0,15.0,100.0,0.5
1988,13,61,8,1.0,10,10.0,100,100.0,10.0,100.0,1.0
1988,13,61,8,3.54375,30,30.0,100,100.0,30.0,100.0,3.54375
1988,13,61,8,28.35,40,70.0,100,100.0,55.0,100.0,28.35
1988,13,61,8,453.6,400,700.0,100,100.0,550.0,100.0,453.6
1988,13,54,8,1.0,10,10.0,100,100.0,10.0,100.0,453.6
1988,13,54,8,453.6,425,500.0,100,100.0,462.5,100.0,3.54375
1988,13,3,4,1.0,10,15.0,100,100.0,12.5,100.0,28.35
1988,13,3,4,453.6,1500,2000.0,100,100.0,1750.0,100.0,453.6
1988,13,59,12,3.54375,25,35.0,100,100.0,30.0,100.0,0.0
1988,13,59,12,28.35,100,160.0,100,100.0,130.0,100.0,0.2
1988,13,59,12,453.6,1500,4000.0,100,100.0,2750.0,100.0,1.0
1988,13,32,18,0.2,20,25.0,50,50.0,22.5,50.0,0.1
1988,13,32,18,1.0,50,125.0,50,90.0,87.5,70.0,0.7
1988,13,32,18,28.35,300,800.0,20,40.0,550.0,30.0,8.505
1988,13,32,18,453.6,2000,6000.0,40,60.0,4000.0,50.0,226.8
1988,13,32,18,453.6,10000,14000.0,60,95.0,12000.0,77.5,351.54
1988,19,1,2,0.25,20,25.0,65,98.0,22.5,81.5,0.20375
1988,19,1,2,1.0,50,110.0,50,90.0,80.0,70.0,0.7
1988,19,1,2,28.35,500,1800.0,70,90.0,1150.0,80.0,22.68
1988,19,1,2,1000.0,16000,26000.0,70,100.0,21000.0,85.0,850.0
1988,19,50,42,0.25,10,25.0,75,85.0,17.5,80.0,0.2
1988,19,50,42,1.0,100,100.0,75,85.0,100.0,80.0,0.8
1988,19,53,31,0.1,20,30.0,1,3.0,25.0,2.0,0.002
1988,19,53,31,0.25,25,65.0,60,75.0,45.0,67.5,0.16875
1988,19,53,31,1.0,150,200.0,40,60.0,175.0,50.0,0.5
1988,19,32,18,1.0,65,100.0,20,40.0,82.5,30.0,0.3
1988,19,61,8,1.0,10,10.0,100,100.0,10.0,100.0,1.0
1988,19,61,8,3.54375,25,45.0,100,100.0,35.0,100.0,3.54375
1988,19,61,8,113.4,600,600.0,100,100.0,600.0,100.0,113.4
1988,19,61,8,453.6,1500,2500.0,100,100.0,2000.0,100.0,453.6
1988,19,65,8,1.0,5,20.0,100,100.0,12.5,100.0,1.0
1988,19,3,4,1.0,10,25.0,100,100.0,17.5,100.0,1.0
1988,19,59,12,28.35,125,260.0,100,100.0,192.5,100.0,28.35
1988,19,59,12,453.6,2000,3800.0,100,100.0,2900.0,100.0,453.6
1988,22,1,2,0.25,25,30.0,30,40.0,27.5,35.0,0.0875
1988,22,1,2,0.5,40,60.0,30,40.0,50.0,35.0,0.175
1988,22,1,2,1.0,90,100.0,30,40.0,95.0,35.0,0.35
1988,22,1,2,3.54375,120,225.0,40,60.0,172.5,50.0,1.771875
1988,22,1,2,1000.0,17000,25000.0,80,90.0,21000.0,85.0,850.0
1988,22,50,42,0.25,20,40.0,10,30.0,30.0,20.0,0.05
1988,22,53,31,0.25,40,60.0,20,70.0,50.0,45.0,0.1125
1988,22,53,31,0.5,80,100.0,20,60.0,90.0,40.0,0.2
1988,22,53,31,1.0,200,250.0,20,70.0,225.0,45.0,0.45
1988,22,53,31,28.35,3900,5400.0,65,90.0,4650.0,77.5,21.97125
1988,22,61,8,453.6,1200,4000.0,100,100.0,2600.0,100.0,453.6
1988,22,66,10,3.54375,15,15.0,100,100.0,15.0,100.0,3.54375
1988,22,66,10,7.0875,25,40.0,100,100.0,32.5,100.0,7.0875
1988,22,66,10,14.175,40,50.0,100,100.0,45.0,100.0,14.175
1988,22,66,10,28.35,100,125.0,100,100.0,112.5,100.0,28.35
1988,22,66,10,453.6,1000,1000.0,100,100.0,1000.0,100.0,453.6
1988,22,11,12,3.54375,30,30.0,100,100.0,30.0,100.0,3.54375
1988,22,11,12,7.0875,50,125.0,100,100.0,87.5,100.0,7.0875
1988,22,11,12,14.175,100,100.0,100,100.0,100.0,100.0,14.175
1988,22,11,12,28.35,250,250.0,100,100.0,250.0,100.0,28.35
1988,22,11,12,453.6,2500,4000.0,100,100.0,3250.0,100.0,453.6
1988,22,64,18,0.25,20,25.0,30,50.0,22.5,40.0,0.1
1988,22,64,18,0.5,50,50.0,30,50.0,50.0,40.0,0.2
1988,22,64,18,1.0,75,100.0,30,80.0,87.5,55.0,0.55
1988,22,64,18,28.35,1000,1400.0,50,80.0,1200.0,65.0,18.4275
1988,22,64,18,453.6,12000,13500.0,50,80.0,12750.0,65.0,294.84
1988,23,1,2,1.0,75,150.0,75,95.0,112.5,85.0,0.85
1988,23,1,2,3.54375,125,275.0,75,95.0,200.0,85.0,3.0121875
1988,23,1,2,7.0875,450,500.0,50,60.0,475.0,55.0,3.898125
1988,23,1,2,28.35,500,900.0,40,60.0,700.0,50.0,14.175
1988,23,1,2,28.35,800,1650.0,75,98.0,1225.0,86.5,24.52275
1988,23,1,2,453.6,8000,11500.0,75,98.0,9750.0,86.5,392.364
1988,23,1,2,1000.0,15000,25000.0,75,100.0,20000.0,87.5,875.0
1988,23,50,42,0.25,20,25.0,75,98.0,22.5,86.5,0.21625
1988,23,50,42,1.0,100,125.0,50,95.0,112.5,72.5,0.725
1988,23,50,42,1000.0,15500,19500.0,50,60.0,17500.0,55.0,550.0
1988,23,24,25,0.1,17,30.0,1,5.0,23.5,3.0,0.003
1988,23,24,25,0.5,50,50.0,13,13.0,50.0,13.0,0.065
1988,23,24,25,1.0,100,100.0,6,6.0,100.0,6.0,0.06
1988,23,24,25,1.0,300,300.0,25,25.0,300.0,25.0,0.25
1988,23,24,25,28.35,1500,1800.0,6,6.0,1650.0,6.0,1.701
1988,23,24,25,28.35,2500,4000.0,13,25.0,3250.0,19.0,5.3865
1988,23,24,25,28.35,3500,7000.0,50,60.0,5250.0,55.0,15.5925
1988,23,24,25,1000.0,100000,300000.0,12,80.0,200000.0,46.0,460.0
1988,23,30,31,0.2,17,30.0,1,20.0,23.5,10.5,0.021
1988,23,30,31,0.125,30,40.0,60,80.0,35.0,70.0,0.0875
1988,23,30,31,0.25,20,20.0,18,65.0,20.0,41.5,0.10375
1988,23,30,31,0.25,50,50.0,60,80.0,50.0,70.0,0.175
1988,23,30,31,1.0,200,350.0,40,80.0,275.0,60.0,0.6
1988,23,30,31,28.35,3500,7000.0,19,75.0,5250.0,47.0,13.3245
1988,23,30,31,453.6,150000,150000.0,40,60.0,150000.0,50.0,226.8
1988,23,30,31,1000.0,100000,300000.0,19,75.0,200000.0,47.0,470.0
1988,23,67,21,1000.0,130000,200000.0,48,100.0,165000.0,74.0,740.0
1988,23,68,21,28.35,4000,6500.0,50,100.0,5250.0,75.0,21.2625
1988,23,68,21,453.6,75000,75000.0,80,90.0,75000.0,85.0,385.56
1988,23,68,21,1000.0,150000,200000.0,80,100.0,175000.0,90.0,900.0
1988,23,32,18,1.0,70,125.0,80,100.0,97.5,90.0,0.9
1988,23,32,18,28.35,700,2200.0,80,80.0,1450.0,80.0,22.68
1988,23,32,18,453.6,9000,16000.0,80,100.0,12500.0,90.0,408.24
1988,23,32,18,1000.0,30000,30000.0,100,100.0,30000.0,100.0,1000.0
1988,26,1,2,0.2,20,20.0,50,60.0,20.0,55.0,0.11
1988,26,1,2,0.25,25,25.0,30,100.0,25.0,65.0,0.1625
1988,26,1,2,3.54375,250,250.0,50,60.0,250.0,55.0,1.9490625
1988,26,1,2,7.0875,450,500.0,50,60.0,475.0,55.0,3.898125
1988,26,1,2,28.35,900,2100.0,30,100.0,1500.0,65.0,18.4275
1988,26,1,2,1000.0,14000,32000.0,80,100.0,23000.0,90.0,900.0
1988,26,50,42,0.5,10,20.0,60,70.0,15.0,65.0,0.325
1988,26,53,31,0.1,7,25.0,3,70.0,16.0,36.5,0.0365
1988,26,53,31,0.25,25,50.0,15,15.0,37.5,15.0,0.0375
1988,26,53,31,28.35,3500,7000.0,45,65.0,5250.0,55.0,15.5925
1988,26,53,31,453.6,50000,60000.0,45,45.0,55000.0,45.0,204.12
1988,26,61,8,1.0,3,10.0,100,100.0,6.5,100.0,1.0
1988,26,61,8,7.0875,10,10.0,100,100.0,10.0,100.0,7.0875
1988,26,61,8,28.35,100,350.0,100,100.0,225.0,100.0,28.35
1988,26,61,8,453.6,1000,2000.0,100,100.0,1500.0,100.0,453.6
1988,26,3,4,1.0,20,30.0,100,100.0,25.0,100.0,1.0
1988,26,3,4,453.6,1100,1200.0,100,100.0,1150.0,100.0,453.6
1988,26,59,12,28.35,200,300.0,100,100.0,250.0,100.0,28.35
1988,26,59,12,453.6,3400,3400.0,100,100.0,3400.0,100.0,453.6
1988,26,64,18,0.25,25,25.0,100,100.0,25.0,100.0,0.25
1988,26,64,18,3.54375,180,220.0,100,100.0,200.0,100.0,3.54375
1988,28,1,2,1000.0,15000,20000.0,88,88.0,17500.0,88.0,880.0
1988,28,54,8,28.35,45,150.0,100,100.0,97.5,100.0,28.35
1988,28,54,8,453.6,600,800.0,100,100.0,700.0,100.0,453.6
1988,28,3,4,1.0,30,30.0,100,100.0,30.0,100.0,1.0
1988,28,59,12,28.35,125,350.0,100,100.0,237.5,100.0,28.35
1988,36,1,2,1.0,100,130.0,60,90.0,115.0,75.0,0.75
1988,36,1,2,3.54375,300,300.0,90,90.0,300.0,90.0,3.189375
1988,36,1,2,1000.0,30000,49000.0,90,90.0,39500.0,90.0,900.0
1988,36,53,31,0.5,250,250.0,60,70.0,250.0,65.0,0.325
1988,36,53,31,1.0,350,600.0,60,70.0,475.0,65.0,0.65
1988,36,69,21,1.0,500,600.0,15,80.0,550.0,47.5,0.475
1988,36,61,8,7.0875,25,50.0,100,100.0,37.5,100.0,7.0875
1988,36,61,8,28.35,100,250.0,100,100.0,175.0,100.0,28.35
1988,36,61,8,453.6,1000,3500.0,100,100.0,2250.0,100.0,453.6
1988,36,3,4,1.0,10,10.0,100,100.0,10.0,100.0,1.0
1988,36,3,4,7.0875,40,60.0,100,100.0,50.0,100.0,7.0875
1988,36,3,4,28.35,120,150.0,100,100.0,135.0,100.0,28.35
1988,36,3,4,453.6,1500,1800.0,100,100.0,1650.0,100.0,453.6
1988,36,59,12,28.35,300,300.0,100,100.0,300.0,100.0,28.35
1988,38,1,2,0.5,150,150.0,97,97.0,150.0,97.0,0.485
1988,38,1,2,113.4,9000,16000.0,85,95.0,12500.0,90.0,102.06
1988,38,70,8,1.0,3,10.0,100,100.0,6.5,100.0,1.0
1988,38,70,8,28.35,125,200.0,100,100.0,162.5,100.0,28.35
1988,38,70,8,14.175,40,130.0,100,100.0,85.0,100.0,14.175
1988,38,70,8,7.0875,25,70.0,100,100.0,47.5,100.0,7.0875
1988,38,70,8,3.54375,20,35.0,100,100.0,27.5,100.0,3.54375
1988,38,70,8,113.4,250,450.0,100,100.0,350.0,100.0,113.4
1988,38,70,8,453.6,1000,1000.0,100,100.0,1000.0,100.0,453.6
1988,38,52,10,453.6,600,800.0,100,100.0,700.0,100.0,453.6
1988,38,3,4,3.54375,30,30.0,100,100.0,30.0,100.0,3.54375
1988,38,58,10,453.6,400,800.0,100,100.0,600.0,100.0,453.6
1988,38,59,12,453.6,1500,3000.0,100,100.0,2250.0,100.0,453.6
1988,38,64,18,0.25,180,180.0,99,99.0,180.0,99.0,0.2475
1988,39,1,2,1.0,70,120.0,60,90.0,95.0,75.0,0.75
1988,39,1,2,3.5,180,180.0,60,90.0,180.0,75.0,2.625
1988,39,1,2,7.0875,320,500.0,60,90.0,410.0,75.0,5.315625
1988,39,1,2,28.35,1100,2000.0,90,90.0,1550.0,90.0,25.515
1988,39,1,2,453.6,14000,21000.0,90,90.0,17500.0,90.0,408.24
1988,39,1,2,1000.0,22000,35000.0,90,90.0,28500.0,90.0,900.0
1988,39,50,42,1.0,80,80.0,60,90.0,80.0,75.0,0.75
1988,39,24,25,1.0,140,300.0,15,20.0,220.0,17.5,0.175
1988,39,24,25,28.35,4000,6000.0,35,87.0,5000.0,61.0,17.2935
1988,39,24,25,1000.0,64000,70000.0,35,87.0,67000.0,61.0,610.0
1988,39,30,31,1.0,200,350.0,40,40.0,275.0,40.0,0.4
1988,39,30,31,28.35,2000,4000.0,60,60.0,3000.0,60.0,17.01
1988,39,61,8,1.0,10,20.0,100,100.0,15.0,100.0,1.0
1988,39,61,8,7.0875,60,60.0,100,100.0,60.0,100.0,7.0875
1988,39,61,8,14.175,95,120.0,100,100.0,107.5,100.0,14.175
1988,39,61,8,28.35,200,300.0,100,100.0,250.0,100.0,28.35
1988,39,61,8,113.4,400,650.0,100,100.0,525.0,100.0,113.4
1988,39,11,12,1.0,10,10.0,100,100.0,10.0,100.0,1.0
1988,39,11,12,3.54375,30,30.0,100,100.0,30.0,100.0,3.54375
1988,39,11,12,7.0875,60,60.0,100,100.0,60.0,100.0,7.0875
1988,39,11,12,28.35,200,250.0,100,100.0,225.0,100.0,28.35
1988,39,11,12,113.4,650,900.0,100,100.0,775.0,100.0,113.4
1988,39,11,12,453.6,1800,3200.0,100,100.0,2500.0,100.0,453.6
1988,39,11,12,1000.0,6000,6000.0,100,100.0,6000.0,100.0,1000.0
1988,39,64,18,453.6,16000,18000.0,28,65.0,17000.0,46.5,210.924
1987,35,1,2,1000.0,45000,80000.0,40,96.0,62500.0,68.0,680.0
1987,35,1,2,453.6,24000,35000.0,80,95.0,29500.0,87.5,396.9
1987,35,1,2,28.35,1500,3000.0,70,95.0,2250.0,82.5,23.38875
1987,35,1,2,7.0875,750,800.0,40,80.0,775.0,60.0,4.2525
1987,35,1,2,1.0,100,200.0,20,50.0,150.0,35.0,0.35
1987,35,56,25,28.35,2800,4000.0,12,12.0,3400.0,12.0,3.402
1987,35,53,31,453.6,80000,100000.0,68,68.0,90000.0,68.0,308.448
1987,35,53,31,28.35,6500,8500.0,34,34.0,7500.0,34.0,9.639
1987,35,57,21,28.35,2800,4000.0,12,12.0,3400.0,12.0,3.402
1987,35,52,10,453.6,500,500.0,100,100.0,500.0,100.0,453.6
1987,35,63,8,1000.0,4000,5000.0,100,100.0,4500.0,100.0,1000.0
1987,35,63,8,453.6,3000,8000.0,100,100.0,5500.0,100.0,453.6
1987,35,63,8,226.8,1600,1600.0,100,100.0,1600.0,100.0,226.8
1987,35,63,8,113.4,850,850.0,100,100.0,850.0,100.0,113.4
1987,35,63,8,28.35,200,500.0,100,100.0,350.0,100.0,28.35
1987,35,63,8,14.175,115,115.0,100,100.0,115.0,100.0,14.175
1987,35,63,8,7.0875,75,90.0,100,100.0,82.5,100.0,7.0875
1987,35,63,8,1.0,10,15.0,100,100.0,12.5,100.0,1.0
1987,35,3,4,7.0875,60,80.0,100,100.0,70.0,100.0,7.0875
1987,35,3,4,1.0,10,20.0,100,100.0,15.0,100.0,1.0
1987,35,32,18,453.6,30000,40000.0,65,65.0,35000.0,65.0,294.84
1987,35,32,18,28.35,2200,2800.0,65,65.0,2500.0,65.0,18.4275
1987,35,32,18,1.0,100,125.0,25,25.0,112.5,25.0,0.25
1987,0,1,2,1000.0,18000,37000.0,60,95.0,27500.0,77.5,775.0
1987,0,1,2,453.6,20000,35000.0,75,75.0,27500.0,75.0,340.2
1987,0,1,2,453.6,18000,40000.0,60,95.0,29000.0,77.5,351.54
1987,0,1,2,226.8,14000,16000.0,30,60.0,15000.0,45.0,102.06
1987,0,1,2,113.4,7200,9000.0,30,60.0,8100.0,45.0,51.03
1987,0,1,2,28.35,1000,2400.0,40,100.0,1700.0,70.0,19.845
1987,0,1,2,14.175,600,600.0,30,60.0,600.0,45.0,6.37875
1987,0,1,2,7.0875,350,600.0,30,60.0,475.0,45.0,3.189375
1987,0,1,2,3.54375,240,300.0,30,90.0,270.0,60.0,2.12625
1987,0,1,2,1.771875,175,175.0,30,60.0,175.0,45.0,0.79734375
1987,0,1,2,1.0,100,150.0,30,100.0,125.0,65.0,0.65
1987,0,1,2,0.5,50,80.0,30,60.0,65.0,45.0,0.225
1987,0,1,2,0.25,25,30.0,30,60.0,27.5,45.0,0.1125
1987,0,50,42,28.35,1000,1400.0,60,85.0,1200.0,72.5,20.55375
1987,0,50,42,14.175,500,600.0,60,80.0,550.0,70.0,9.9225
1987,0,50,42,3.54375,280,300.0,40,40.0,290.0,40.0,1.4175
1987,0,50,42,1.0,100,100.0,40,80.0,100.0,60.0,0.6
1987,0,50,42,0.5,50,60.0,40,80.0,55.0,60.0,0.3
1987,0,50,42,0.25,20,25.0,40,70.0,22.5,55.0,0.1375
1987,0,50,42,0.1,20,20.0,60,80.0,20.0,70.0,0.07
1987,0,24,25,28.35,4000,12000.0,70,90.0,8000.0,80.0,22.68
1987,0,24,25,28.35,2500,5000.0,4,10.0,3750.0,7.0,1.9845
1987,0,24,25,28.35,750,1800.0,1,3.0,1275.0,2.0,0.567
1987,0,24,25,1.0,400,600.0,10,70.0,500.0,40.0,0.4
1987,0,24,25,1.0,100,250.0,2,8.0,175.0,5.0,0.05
1987,0,24,25,1.0,25,50.0,1,3.0,37.5,2.0,0.02
1987,0,24,25,0.5,40,50.0,1,3.0,45.0,2.0,0.01
1987,0,24,25,0.25,10,30.0,2,5.0,20.0,3.5,0.00875
1987,0,24,25,0.125,100,100.0,1,5.0,100.0,3.0,0.00375
1987,0,24,25,0.15,10,30.0,1,5.0,20.0,3.0,0.0045
1987,0,30,31,453.6,25000,25000.0,80,80.0,25000.0,80.0,362.88
1987,0,30,31,28.35,3500,5000.0,40,80.0,4250.0,60.0,17.01
1987,0,30,31,14.175,2300,2300.0,80,80.0,2300.0,80.0,11.34
1987,0,30,31,7.0875,800,900.0,40,60.0,850.0,50.0,3.54375
1987,0,30,31,3.54375,400,500.0,40,60.0,450.0,50.0,1.771875
1987,0,30,31,1.0,160,400.0,35,60.0,280.0,47.5,0.475
1987,0,30,31,0.5,100,100.0,35,60.0,100.0,47.5,0.2375
1987,0,30,31,0.25,60,60.0,20,60.0,60.0,40.0,0.1
1987,0,30,31,0.125,30,35.0,40,40.0,32.5,40.0,0.05
1987,0,30,31,0.1,20,35.0,20,60.0,27.5,40.0,0.04
1987,0,30,31,0.05,30,30.0,40,40.0,30.0,40.0,0.02
1987,0,52,10,28.35,50,60.0,100,100.0,55.0,100.0,28.35
1987,0,71,8,453.6,300,400.0,100,100.0,350.0,100.0,453.6
1987,0,71,8,226.8,400,500.0,100,100.0,450.0,100.0,226.8
1987,0,71,8,28.35,60,60.0,100,100.0,60.0,100.0,28.35
1987,0,71,8,7.0875,20,20.0,100,100.0,20.0,100.0,7.0875
1987,0,71,8,3.54375,30,35.0,100,100.0,32.5,100.0,3.54375
1987,0,3,4,7.0875,60,60.0,100,100.0,60.0,100.0,7.0875
1987,0,3,4,28.35,10,15.0,100,100.0,12.5,100.0,28.35
1987,0,58,10,453.6,1500,1500.0,100,100.0,1500.0,100.0,453.6
1987,0,58,10,28.35,200,200.0,100,100.0,200.0,100.0,28.35
1987,0,58,10,7.0875,10,20.0,100,100.0,15.0,100.0,7.0875
1987,0,59,12,453.6,1800,2500.0,100,100.0,2150.0,100.0,453.6
1987,0,59,12,28.35,100,200.0,100,100.0,150.0,100.0,28.35
1987,0,59,12,7.0875,45,45.0,100,100.0,45.0,100.0,7.0875
1987,0,59,12,3.54375,25,25.0,100,100.0,25.0,100.0,3.54375
1987,0,59,12,1.0,5,10.0,100,100.0,7.5,100.0,1.0
1987,0,32,18,453.6,8000,18000.0,60,100.0,13000.0,80.0,362.88
1987,0,32,18,28.35,1000,1500.0,40,100.0,1250.0,70.0,19.845
1987,0,32,18,7.0875,300,350.0,40,80.0,325.0,60.0,4.2525
1987,0,32,18,3.54375,175,200.0,40,80.0,187.5,60.0,2.12625
1987,0,32,18,1.771875,100,125.0,50,50.0,112.5,50.0,0.8859375
1987,0,32,18,1.0,60,100.0,20,50.0,80.0,35.0,0.35
1987,0,32,18,0.5,35,50.0,40,50.0,42.5,45.0,0.225
1987,0,32,18,0.25,20,25.0,20,50.0,22.5,35.0,0.0875
1987,0,32,18,0.1,50,50.0,40,40.0,50.0,40.0,0.04
1987,13,1,2,1000.0,25000,35000.0,85,95.0,30000.0,90.0,900.0
1987,13,1,2,453.6,18000,25000.0,50,90.0,21500.0,70.0,317.52
1987,13,1,2,28.35,1200,2400.0,30,85.0,1800.0,57.5,16.30125
1987,13,1,2,3.54375,300,300.0,40,40.0,300.0,40.0,1.4175
1987,13,1,2,1.0,90,125.0,20,93.0,107.5,56.5,0.565
1987,13,1,2,0.5,60,60.0,40,40.0,60.0,40.0,0.2
1987,13,1,2,0.25,30,30.0,40,40.0,30.0,40.0,0.1
1987,13,1,2,0.1,20,25.0,60,80.0,22.5,70.0,0.07
1987,13,50,42,0.25,15,25.0,75,75.0,20.0,75.0,0.1875
1987,13,24,25,1000.0,100000,230000.0,50,99.0,165000.0,74.5,745.0
1987,13,24,25,1000.0,60000,75000.0,5,10.0,67500.0,7.5,75.0
1987,13,24,25,453.6,90000,95000.0,90,90.0,92500.0,90.0,408.24
1987,13,24,25,28.35,5000,12000.0,30,90.0,8500.0,60.0,17.01
1987,13,24,25,28.35,4000,6000.0,25,25.0,5000.0,25.0,7.0875
1987,13,24,25,28.35,800,1600.0,2,4.0,1200.0,3.0,0.8505
1987,13,24,25,1.0,250,300.0,60,60.0,275.0,60.0,0.6
1987,13,24,25,1.0,100,150.0,1,3.0,125.0,2.0,0.02
1987,13,24,25,0.5,140,140.0,60,60.0,140.0,60.0,0.3
1987,13,24,25,0.5,40,50.0,1,3.0,45.0,2.0,0.01
1987,13,24,25,0.25,40,65.0,65,75.0,52.5,70.0,0.175
1987,13,24,25,0.095,20,30.0,1,5.0,25.0,3.0,0.00285
1987,13,30,31,453.6,55000,60000.0,80,80.0,57500.0,80.0,362.88
1987,13,30,31,28.35,4000,7500.0,30,40.0,5750.0,35.0,9.9225
1987,13,30,31,1.0,250,600.0,40,65.0,425.0,52.5,0.525
1987,13,30,31,1.0,100,100.0,5,7.0,100.0,6.0,0.06
1987,13,30,31,0.25,25,30.0,28,40.0,27.5,34.0,0.085
1987,13,20,21,1000.0,90000,220000.0,50,99.0,155000.0,74.5,745.0
1987,13,20,21,453.6,16000,96000.0,50,80.0,56000.0,65.0,294.84
1987,13,20,21,28.35,2500,8500.0,30,80.0,5500.0,55.0,15.5925
1987,13,20,21,0.1,20,20.0,3,3.0,20.0,3.0,0.003
1987,13,20,21,0.025,25,30.0,28,40.0,27.5,34.0,0.0085
1987,13,34,8,453.6,250,500.0,100,100.0,375.0,100.0,453.6
1987,13,34,8,28.35,45,45.0,100,100.0,45.0,100.0,28.35
1987,13,34,8,1.0,10,15.0,100,100.0,12.5,100.0,1.0
1987,13,34,8,0.15,5,5.0,100,100.0,5.0,100.0,0.15
1987,13,3,4,453.6,1500,2000.0,100,100.0,1750.0,100.0,453.6
1987,13,3,4,28.35,175,175.0,100,100.0,175.0,100.0,28.35
1987,13,3,4,1.0,10,30.0,100,100.0,20.0,100.0,1.0
1987,13,3,4,0.5,3,3.0,100,100.0,3.0,100.0,0.5
1987,13,16,10,453.6,400,500.0,100,100.0,450.0,100.0,453.6
1987,13,59,12,453.6,1200,3800.0,100,100.0,2500.0,100.0,453.6
1987,13,59,12,28.35,125,260.0,100,100.0,192.5,100.0,28.35
1987,13,59,12,3.54375,25,40.0,100,100.0,32.5,100.0,3.54375
1987,13,59,12,1.0,15,15.0,100,100.0,15.0,100.0,1.0
1987,13,32,18,453.6,2500,16000.0,40,95.0,9250.0,67.5,306.18
1987,13,32,18,28.35,300,1500.0,20,95.0,900.0,57.5,16.30125
1987,13,32,18,1.0,60,125.0,20,90.0,92.5,55.0,0.55
1987,13,32,18,0.25,20,25.0,20,80.0,22.5,50.0,0.125
1987,13,32,18,0.125,25,25.0,40,60.0,25.0,50.0,0.0625
1987,19,1,2,1000.0,25500,40000.0,70,98.0,32750.0,84.0,840.0
1987,19,1,2,28.35,900,1700.0,70,90.0,1300.0,80.0,22.68
1987,19,1,2,1.0,90,400.0,50,97.0,245.0,73.5,0.735
1987,19,1,2,0.5,50,60.0,40,40.0,55.0,40.0,0.2
1987,19,1,2,0.25,25,30.0,40,40.0,27.5,40.0,0.1
1987,19,53,31,28.35,4000,6500.0,65,65.0,5250.0,65.0,18.4275
1987,19,53,31,1.0,150,400.0,40,65.0,275.0,52.5,0.525
1987,19,57,21,453.6,90000,90000.0,95,95.0,90000.0,95.0,430.92
1987,19,57,21,28.35,2200,2200.0,96,98.0,2200.0,97.0,27.4995
1987,19,57,21,1.0,400,400.0,50,50.0,400.0,50.0,0.5
1987,19,57,21,0.375,200,200.0,50,50.0,200.0,50.0,0.1875
1987,19,48,8,453.6,1000,1000.0,100,100.0,1000.0,100.0,453.6
1987,19,48,8,56.7,25,25.0,100,100.0,25.0,100.0,56.7
1987,19,48,8,28.35,125,125.0,100,100.0,125.0,100.0,28.35
1987,19,48,8,1.0,10,10.0,100,100.0,10.0,100.0,1.0
1987,19,54,8,1.0,10,20.0,100,100.0,15.0,100.0,1.0
1987,19,3,4,1.0,20,20.0,100,100.0,20.0,100.0,1.0
1987,19,59,12,453.6,2000,2400.0,100,100.0,2200.0,100.0,453.6
1987,19,32,18,453.6,10000,13000.0,85,85.0,11500.0,85.0,385.56
1987,19,32,18,28.35,900,900.0,30,85.0,900.0,57.5,16.30125
1987,19,32,18,1.0,60,90.0,23,90.0,75.0,56.5,0.565
1987,19,32,18,0.5,30,40.0,40,40.0,35.0,40.0,0.2
1987,19,32,18,0.25,20,20.0,40,40.0,20.0,40.0,0.1
1987,22,1,2,1000.0,18000,30000.0,60,80.0,24000.0,70.0,700.0
1987,22,1,2,28.35,800,2500.0,60,80.0,1650.0,70.0,19.845
1987,22,1,2,3.54375,200,300.0,60,80.0,250.0,70.0,2.480625
1987,22,1,2,1.0,90,120.0,30,40.0,105.0,35.0,0.35
1987,22,1,2,0.5,30,55.0,30,40.0,42.5,35.0,0.175
1987,22,1,2,0.25,25,40.0,30,40.0,32.5,35.0,0.0875
1987,22,50,42,1.0,100,125.0,40,60.0,112.5,50.0,0.5
1987,22,50,42,0.25,20,25.0,40,60.0,22.5,50.0,0.125
1987,22,24,25,1000.0,160000,160000.0,80,80.0,160000.0,80.0,800.0
1987,22,24,25,453.6,96000,96000.0,80,80.0,96000.0,80.0,362.88
1987,22,24,25,453.6,16000,16000.0,1,4.0,16000.0,2.5,11.34
1987,22,24,25,28.35,3000,5000.0,60,80.0,4000.0,70.0,19.845
1987,22,24,25,28.35,1200,1200.0,1,4.0,1200.0,2.5,0.70875
1987,22,24,25,1.0,230,280.0,60,80.0,255.0,70.0,0.7
1987,22,24,25,0.1,25,100.0,1,10.0,62.5,5.5,0.0055
1987,22,24,25,0.15,15,25.0,1,3.0,20.0,2.0,0.003
1987,22,30,31,453.6,56000,56000.0,80,90.0,56000.0,85.0,385.56
1987,22,30,31,1701.0,24000,24000.0,60,80.0,24000.0,70.0,1190.7
1987,22,30,31,28.35,3000,7000.0,60,80.0,5000.0,70.0,19.845
1987,22,30,31,14.175,2000,2000.0,60,60.0,2000.0,60.0,8.505
1987,22,30,31,1.0,450,500.0,60,60.0,475.0,60.0,0.6
1987,22,30,31,0.2,20,25.0,40,60.0,22.5,50.0,0.1
1987,22,57,21,453.6,100000,100000.0,80,80.0,100000.0,80.0,362.88
1987,22,57,21,28.35,4400,8000.0,80,80.0,6200.0,80.0,22.68
1987,22,57,21,28.35,1700,2000.0,5,10.0,1850.0,7.5,2.12625
1987,22,57,21,1.0,125,300.0,5,10.0,212.5,7.5,0.075
1987,22,72,8,453.6,600,1000.0,100,100.0,800.0,100.0,453.6
1987,22,72,8,226.8,1000,1000.0,100,100.0,1000.0,100.0,226.8
1987,22,72,8,113.4,225,250.0,100,100.0,237.5,100.0,113.4
1987,22,72,8,28.35,100,120.0,100,100.0,110.0,100.0,28.35
1987,22,72,8,14.175,50,60.0,100,100.0,55.0,100.0,14.175
1987,22,72,8,7.0875,30,65.0,100,100.0,47.5,100.0,7.0875
1987,22,72,8,1.0,10,10.0,100,100.0,10.0,100.0,1.0
1987,22,3,4,1.0,10,15.0,100,100.0,12.5,100.0,1.0
1987,22,58,10,453.6,450,1000.0,100,100.0,725.0,100.0,453.6
1987,22,58,10,28.35,40,50.0,100,100.0,45.0,100.0,28.35
1987,22,58,10,14.175,50,60.0,100,100.0,55.0,100.0,14.175
1987,22,58,10,7.0875,30,30.0,100,100.0,30.0,100.0,7.0875
1987,22,58,10,3.54375,20,25.0,100,100.0,22.5,100.0,3.54375
1987,22,58,10,1.0,10,10.0,100,100.0,10.0,100.0,1.0
1987,22,59,12,453.6,1100,1800.0,100,100.0,1450.0,100.0,453.6
1987,22,59,12,113.4,350,350.0,100,100.0,350.0,100.0,113.4
1987,22,59,12,28.35,150,260.0,100,100.0,205.0,100.0,28.35
1987,22,32,18,453.6,12000,16000.0,50,90.0,14000.0,70.0,317.52
1987,22,32,18,28.35,850,1700.0,50,90.0,1275.0,70.0,19.845
1987,22,32,18,14.175,700,700.0,40,40.0,700.0,40.0,5.67
1987,22,32,18,7.0875,250,350.0,40,60.0,300.0,50.0,3.54375
1987,22,32,18,3.54375,140,275.0,40,60.0,207.5,50.0,1.771875
1987,22,32,18,1.0,70,120.0,40,90.0,95.0,65.0,0.65
1987,22,32,18,0.5,40,60.0,30,40.0,50.0,35.0,0.175
1987,22,32,18,0.125,20,30.0,30,40.0,25.0,35.0,0.04375
1987,23,1,2,1000.0,15000,30000.0,75,95.0,22500.0,85.0,850.0
1987,23,1,2,1000.0,12500,18000.0,70,90.0,15250.0,80.0,800.0
1987,23,1,2,453.6,12000,20000.0,50,90.0,16000.0,70.0,317.52
1987,23,1,2,226.8,7500,7500.0,50,80.0,7500.0,65.0,147.42
1987,23,1,2,113.4,3000,4000.0,50,90.0,3500.0,70.0,79.38
1987,23,1,2,28.35,800,1800.0,40,90.0,1300.0,65.0,18.4275
1987,23,1,2,3.54375,200,300.0,30,80.0,250.0,55.0,1.9490625
1987,23,1,2,1.0,50,150.0,20,80.0,100.0,50.0,0.5
1987,23,1,2,0.5,50,60.0,40,80.0,55.0,60.0,0.3
1987,23,1,2,0.125,25,25.0,15,20.0,25.0,17.5,0.021875
1987,23,50,42,1.0,100,100.0,17,18.0,100.0,17.5,0.175
1987,23,50,42,0.5,20,50.0,17,18.0,35.0,17.5,0.0875
1987,23,50,42,0.25,20,30.0,40,50.0,25.0,45.0,0.1125
1987,23,24,25,1000.0,100000,200000.0,50,65.0,150000.0,57.5,575.0
1987,23,24,25,453.6,50000,60000.0,50,60.0,55000.0,55.0,249.48
1987,23,24,25,28.35,3000,5000.0,50,60.0,4000.0,55.0,15.5925
1987,23,24,25,1.0,200,300.0,40,50.0,250.0,45.0,0.45
1987,23,24,25,0.26,20,100.0,4,80.0,60.0,42.0,0.1092
1987,23,30,31,1000.0,160000,200000.0,70,90.0,180000.0,80.0,800.0
1987,23,30,31,453.6,165000,165000.0,72,72.0,165000.0,72.0,326.592
1987,23,30,31,28.35,4500,8000.0,47,60.0,6250.0,53.5,15.16725
1987,23,30,31,1.0,160,325.0,40,90.0,242.5,65.0,0.65
1987,23,30,31,0.1,20,25.0,40,90.0,22.5,65.0,0.065
1987,23,20,21,453.6,70000,85000.0,75,90.0,77500.0,82.5,374.22
1987,23,20,21,28.35,5000,8500.0,100,100.0,6750.0,100.0,28.35
1987,23,20,21,1.0,230,500.0,75,75.0,365.0,75.0,0.75
1987,23,32,18,28.35,700,2000.0,85,85.0,1350.0,85.0,24.0975
1987,26,1,2,1000.0,16000,25000.0,95,95.0,20500.0,95.0,950.0
1987,26,1,2,453.6,12000,18000.0,95,95.0,15000.0,95.0,430.92
1987,26,1,2,28.35,1000,1500.0,80,95.0,1250.0,87.5,24.80625
1987,26,1,2,7.0875,550,550.0,30,40.0,550.0,35.0,2.480625
1987,26,1,2,3.54375,250,300.0,30,40.0,275.0,35.0,1.2403125
1987,26,1,2,1.0,90,100.0,70,70.0,95.0,70.0,0.7
1987,26,53,31,1000.0,250000,300000.0,60,80.0,275000.0,70.0,700.0
1987,26,53,31,453.6,125000,150000.0,60,80.0,137500.0,70.0,317.52
1987,26,53,31,28.35,4000,6000.0,24,70.0,5000.0,47.0,13.3245
1987,26,9,10,453.6,600,1100.0,100,100.0,850.0,100.0,453.6
1987,26,9,10,226.8,350,600.0,100,100.0,475.0,100.0,226.8
1987,26,9,10,28.35,90,100.0,100,100.0,95.0,100.0,28.35
1987,26,9,10,14.175,50,60.0,100,100.0,55.0,100.0,14.175
1987,26,9,10,7.0875,25,35.0,100,100.0,30.0,100.0,7.0875
1987,26,7,8,453.6,600,1100.0,100,100.0,850.0,100.0,453.6
1987,26,7,8,226.8,475,475.0,100,100.0,475.0,100.0,226.8
1987,26,7,8,28.35,100,200.0,100,100.0,150.0,100.0,28.35
1987,26,7,8,7.0875,25,35.0,100,100.0,30.0,100.0,7.0875
1987,26,7,8,2.25,20,20.0,100,100.0,20.0,100.0,2.25
1987,26,3,4,453.6,1400,1500.0,100,100.0,1450.0,100.0,453.6
1987,26,3,4,226.8,700,800.0,100,100.0,750.0,100.0,226.8
1987,26,3,4,14.175,140,154.0,100,100.0,147.0,100.0,14.175
1987,26,3,4,7.0875,75,100.0,100,100.0,87.5,100.0,7.0875
1987,26,3,4,1.0,20,50.0,100,100.0,35.0,100.0,1.0
1987,26,59,12,453.6,3000,3000.0,100,100.0,3000.0,100.0,453.6
1987,26,59,12,28.35,80,125.0,100,100.0,102.5,100.0,28.35
1987,26,59,12,7.0875,25,45.0,100,100.0,35.0,100.0,7.0875
1987,26,59,12,3.5,40,40.0,100,100.0,40.0,100.0,3.5
1987,28,14,2,1000.0,30000,35000.0,80,95.0,32500.0,87.5,875.0
1987,28,14,2,28.35,1500,1800.0,80,95.0,1650.0,87.5,24.80625
1987,28,14,2,3.54375,250,250.0,85,85.0,250.0,85.0,3.0121875
1987,28,14,2,1.0,120,120.0,60,70.0,120.0,65.0,0.65
1987,28,53,31,453.6,80000,100000.0,60,70.0,90000.0,65.0,294.84
1987,28,20,21,0.25,80,85.0,3,5.0,82.5,4.0,0.01
1987,28,20,21,0.125,20,25.0,3,5.0,22.5,4.0,0.005
1987,28,51,8,453.6,400,700.0,100,100.0,550.0,100.0,453.6
1987,28,51,8,28.35,45,165.0,100,100.0,105.0,100.0,28.35
1987,28,3,4,453.6,1300,1500.0,100,100.0,1400.0,100.0,453.6
1987,28,3,4,28.35,100,150.0,100,100.0,125.0,100.0,28.35
1987,28,3,4,1.0,10,15.0,100,100.0,12.5,100.0,1.0
1987,28,73,8,226.8,75,200.0,100,100.0,137.5,100.0,226.8
1987,28,73,8,0.5,60,60.0,100,100.0,60.0,100.0,0.5
1987,28,58,10,453.6,200,700.0,100,100.0,450.0,100.0,453.6
1987,28,58,10,113.4,100,150.0,100,100.0,125.0,100.0,113.4
1987,28,58,10,5.0,10,20.0,100,100.0,15.0,100.0,5.0
1987,28,59,12,453.6,1400,3000.0,100,100.0,2200.0,100.0,453.6
1987,28,59,12,28.35,125,250.0,100,100.0,187.5,100.0,28.35
1987,28,74,18,453.6,9000,18000.0,95,95.0,13500.0,95.0,430.92
1987,28,74,18,28.35,1000,2000.0,30,30.0,1500.0,30.0,8.505
1987,36,1,2,453.6,27000,35000.0,30,95.0,31000.0,62.5,283.5
1987,36,1,2,28.35,2000,2700.0,60,70.0,2350.0,65.0,18.4275
1987,36,1,2,7.0875,600,700.0,22,80.0,650.0,51.0,3.614625
1987,36,1,2,3.54375,300,300.0,10,40.0,300.0,25.0,0.8859375
1987,36,1,2,1.0,100,120.0,25,30.0,110.0,27.5,0.275
1987,36,1,2,0.25,25,25.0,25,30.0,25.0,27.5,0.06875
1987,36,56,25,0.25,300,600.0,5,10.0,450.0,7.5,0.01875
1987,36,56,25,0.1,50,250.0,5,10.0,150.0,7.5,0.0075
1987,36,30,31,1.0,350,400.0,60,70.0,375.0,65.0,0.65
1987,36,20,21,453.6,80000,100000.0,70,90.0,90000.0,80.0,362.88
1987,36,20,21,28.35,9000,11000.0,45,45.0,10000.0,45.0,12.7575
1987,36,20,21,7.0875,2000,3000.0,10,22.0,2500.0,16.0,1.134
1987,36,20,21,3.54375,1700,1700.0,80,80.0,1700.0,80.0,2.835
1987,36,20,21,1.0,500,700.0,10,15.0,600.0,12.5,0.125
1987,36,20,21,0.25,175,175.0,50,50.0,175.0,50.0,0.125
1987,36,48,8,453.6,1000,2500.0,100,100.0,1750.0,100.0,453.6
1987,36,48,8,28.35,140,250.0,100,100.0,195.0,100.0,28.35
1987,36,3,4,453.6,1500,1800.0,100,100.0,1650.0,100.0,453.6
1987,36,3,4,28.35,120,150.0,100,100.0,135.0,100.0,28.35
1987,36,3,4,7.0875,40,60.0,100,100.0,50.0,100.0,7.0875
1987,36,3,4,1.0,10,10.0,100,100.0,10.0,100.0,1.0
1987,38,1,2,1000.0,30000,50000.0,70,100.0,40000.0,85.0,850.0
1987,38,1,2,113.4,7000,7000.0,5,85.0,7000.0,45.0,51.03
1987,38,1,2,28.35,900,2000.0,35,40.0,1450.0,37.5,10.63125
1987,38,1,2,5.0,485,485.0,4,40.0,485.0,22.0,1.1
1987,38,1,2,1.0,50,120.0,35,40.0,85.0,37.5,0.375
1987,38,1,2,0.25,25,50.0,4,40.0,37.5,22.0,0.055
1987,38,75,31,453.6,70000,100000.0,60,80.0,85000.0,70.0,317.52
1987,38,53,31,28.35,4500,5500.0,63,63.0,5000.0,63.0,17.8605
1987,38,53,31,1.0,250,600.0,5,30.0,425.0,17.5,0.175
1987,38,53,31,0.0625,50,50.0,5,55.0,50.0,30.0,0.01875
1987,38,63,8,453.6,2000,2500.0,100,100.0,2250.0,100.0,453.6
1987,38,63,8,113.4,200,500.0,100,100.0,350.0,100.0,113.4
1987,38,63,8,28.35,50,250.0,100,100.0,150.0,100.0,28.35
1987,38,63,8,14.175,20,20.0,100,100.0,20.0,100.0,14.175
1987,38,63,8,7.0875,10,60.0,100,100.0,35.0,100.0,7.0875
1987,38,63,8,3.54375,15,40.0,100,100.0,27.5,100.0,3.54375
1987,38,58,10,453.6,700,1000.0,100,100.0,850.0,100.0,453.6
1987,38,58,10,113.4,250,350.0,100,100.0,300.0,100.0,113.4
1987,38,58,10,28.35,90,110.0,100,100.0,100.0,100.0,28.35
1987,38,58,10,7.0875,25,30.0,100,100.0,27.5,100.0,7.0875
1987,38,11,12,453.6,1800,2500.0,100,100.0,2150.0,100.0,453.6
1987,38,11,12,113.4,500,600.0,100,100.0,550.0,100.0,113.4
1987,38,11,12,28.35,90,200.0,100,100.0,145.0,100.0,28.35
1987,38,11,12,14.175,25,90.0,100,100.0,57.5,100.0,14.175
1987,38,11,12,7.0875,30,30.0,100,100.0,30.0,100.0,7.0875
1987,38,11,12,3.54375,12,15.0,100,100.0,13.75,100.0,3.54375
1987,38,11,12,1.0,10,10.0,100,100.0,10.0,100.0,1.0
1987,38,74,18,453.6,9000,18000.0,5,99.0,13500.0,52.0,235.872
1987,38,74,18,1.0,70,120.0,20,80.0,95.0,50.0,0.5
1987,39,1,2,1000.0,30000,55000.0,80,95.0,42500.0,87.5,875.0
1987,39,1,2,453.6,17000,30000.0,95,95.0,23500.0,95.0,430.92
1987,39,1,2,226.8,12000,15000.0,95,95.0,13500.0,95.0,215.46
1987,39,1,2,113.4,4000,6000.0,95,95.0,5000.0,95.0,107.73
1987,39,1,2,28.35,1200,2400.0,50,95.0,1800.0,72.5,20.55375
1987,39,1,2,14.175,800,1200.0,50,95.0,1000.0,72.5,10.276875
1987,39,1,2,7.0875,450,700.0,50,80.0,575.0,65.0,4.606875
1987,39,1,2,3.54375,250,375.0,50,95.0,312.5,72.5,2.56921875
1987,39,1,2,1.0,80,125.0,30,95.0,102.5,62.5,0.625
1987,39,1,2,0.5,50,75.0,50,50.0,62.5,50.0,0.25
1987,39,1,2,0.25,25,30.0,60,60.0,27.5,60.0,0.15
1987,39,24,25,28.35,1500,12000.0,25,50.0,6750.0,37.5,10.63125
1987,39,24,25,1.0,250,500.0,15,15.0,375.0,15.0,0.15
1987,39,30,31,453.6,82900,96000.0,95,95.0,89450.0,95.0,430.92
1987,39,30,31,28.35,3000,10000.0,40,80.0,6500.0,60.0,17.01
1987,39,30,31,14.175,2500,6000.0,40,60.0,4250.0,50.0,7.0875
1987,39,30,31,1.0,200,450.0,40,80.0,325.0,60.0,0.6
1987,39,30,31,0.5,100,300.0,20,70.0,200.0,45.0,0.225
1987,39,30,31,0.25,75,125.0,60,70.0,100.0,65.0,0.1625
1987,39,30,31,0.125,25,50.0,60,70.0,37.5,65.0,0.08125
1987,39,9,10,453.6,400,1000.0,100,100.0,700.0,100.0,453.6
1987,39,63,8,453.6,1800,2400.0,100,100.0,2100.0,100.0,453.6
1987,39,63,8,113.4,500,650.0,100,100.0,575.0,100.0,113.4
1987,39,63,8,28.35,150,180.0,100,100.0,165.0,100.0,28.35
1987,39,63,8,3.54375,30,30.0,100,100.0,30.0,100.0,3.54375
1987,39,63,8,1.0,10,10.0,100,100.0,10.0,100.0,1.0
1987,39,3,4,453.6,1400,1600.0,100,100.0,1500.0,100.0,453.6
1987,39,3,4,113.4,250,300.0,100,100.0,275.0,100.0,113.4
1987,39,3,4,28.35,180,180.0,100,100.0,180.0,100.0,28.35
1987,39,76,8,453.6,600,800.0,100,100.0,700.0,100.0,453.6
1987,39,76,8,226.8,300,400.0,100,100.0,350.0,100.0,226.8
1987,39,76,8,113.4,200,325.0,100,100.0,262.5,100.0,113.4
1987,39,76,8,28.35,160,160.0,100,100.0,160.0,100.0,28.35
1987,39,76,8,14.175,50,60.0,100,100.0,55.0,100.0,14.175
1987,39,76,8,3.54375,30,30.0,100,100.0,30.0,100.0,3.54375
1987,39,76,8,1.0,10,10.0,100,100.0,10.0,100.0,1.0
1987,39,16,10,453.6,400,700.0,100,100.0,550.0,100.0,453.6
1987,39,16,10,226.8,250,400.0,100,100.0,325.0,100.0,226.8
1987,39,16,10,113.4,200,350.0,100,100.0,275.0,100.0,113.4
1987,39,16,10,28.35,110,150.0,100,100.0,130.0,100.0,28.35
1987,39,16,10,7.0875,40,75.0,100,100.0,57.5,100.0,7.0875
1987,39,11,12,453.6,1000,2500.0,100,100.0,1750.0,100.0,453.6
1987,39,11,12,113.4,400,500.0,100,100.0,450.0,100.0,113.4
1987,39,11,12,56.7,250,300.0,100,100.0,275.0,100.0,56.7
1987,39,11,12,28.35,200,250.0,100,100.0,225.0,100.0,28.35
1987,39,11,12,14.175,100,150.0,100,100.0,125.0,100.0,14.175
1987,39,11,12,7.0875,50,80.0,100,100.0,65.0,100.0,7.0875
1987,39,11,12,3.54375,25,35.0,100,100.0,30.0,100.0,3.54375
1987,39,11,12,1.0,10,12.0,100,100.0,11.0,100.0,1.0
1987,39,64,18,28.35,1200,2500.0,93,93.0,1850.0,93.0,26.3655
1987,39,64,18,1.0,60,130.0,95,95.0,95.0,95.0,0.95
1989,35,60,8,7.0875,80,80.0,100,100.0,80.0,100.0,7.0875
1989,35,3,4,1.0,20,20.0,100,100.0,20.0,100.0,1.0
1989,0,50,42,1.0,100,100.0,90,90.0,100.0,90.0,0.9
1989,0,1,2,28.35,500,1200.0,75,75.0,850.0,75.0,21.2625
1989,0,3,4,1.0,10,15.0,100,100.0,12.5,100.0,1.0
1989,0,3,4,28.35,200,200.0,100,100.0,200.0,100.0,28.35
1989,0,3,4,453.6,3000,3200.0,100,100.0,3100.0,100.0,453.6
1989,0,61,8,1.0,10,10.0,100,100.0,10.0,100.0,1.0
1989,0,11,12,28.35,200,300.0,100,100.0,250.0,100.0,28.35
1989,0,11,12,453.6,3000,3500.0,100,100.0,3250.0,100.0,453.6
1989,0,64,18,0.25,20,20.0,60,60.0,20.0,60.0,0.15
1989,0,64,18,1.0,50,90.0,75,75.0,70.0,75.0,0.75
1989,13,50,42,0.25,20,20.0,90,90.0,20.0,90.0,0.225
1989,13,50,42,3.54375,140,140.0,90,90.0,140.0,90.0,3.189375
1989,13,50,42,28.35,550,650.0,90,90.0,600.0,90.0,25.515
1989,13,50,42,453.6,4000,4000.0,90,90.0,4000.0,90.0,408.24
1989,13,1,2,0.05,5,5.0,50,90.0,5.0,70.0,0.035
1989,13,1,2,0.1,15,20.0,30,60.0,17.5,45.0,0.045
1989,13,1,2,0.25,20,30.0,50,90.0,25.0,70.0,0.175
1989,13,1,2,1.0,50,100.0,30,90.0,75.0,60.0,0.6
1989,13,1,2,28.35,550,1100.0,50,90.0,825.0,70.0,19.845
1989,13,1,2,1000.0,10000,19000.0,50,90.0,14500.0,70.0,700.0
1989,13,57,21,0.25,20,25.0,3,5.0,22.5,4.0,0.01
1989,13,57,21,0.5,250,250.0,90,100.0,250.0,95.0,0.475
1989,13,53,31,0.1,20,20.0,6,17.0,20.0,11.5,0.0115
1989,13,53,31,0.25,40,65.0,6,34.0,52.5,20.0,0.05
1989,13,53,31,1.0,140,200.0,10,60.0,170.0,35.0,0.35
1989,13,53,31,28.35,3500,4500.0,10,40.0,4000.0,25.0,7.0875
1989,13,64,18,0.25,15,20.0,30,30.0,17.5,30.0,0.075
1989,13,64,18,1.0,20,90.0,20,80.0,55.0,50.0,0.5
1989,13,59,12,3.54375,35,35.0,100,100.0,35.0,100.0,3.54375
1989,13,59,12,28.35,200,300.0,100,100.0,250.0,100.0,28.35
1989,13,59,12,453.6,2000,3000.0,100,100.0,2500.0,100.0,453.6
1989,19,50,42,0.2,20,20.0,100,100.0,20.0,100.0,0.2
1989,19,50,42,28.35,650,650.0,100,100.0,650.0,100.0,28.35
1989,19,1,2,1.0,75,75.0,80,80.0,75.0,80.0,0.8
1989,19,1,2,28.35,700,700.0,80,80.0,700.0,80.0,22.68
1989,19,53,31,1.0,225,225.0,60,60.0,225.0,60.0,0.6
1989,19,48,8,1.0,15,15.0,100,100.0,15.0,100.0,1.0
1989,19,48,8,3.54375,35,35.0,100,100.0,35.0,100.0,3.54375
1989,19,48,8,28.35,110,110.0,100,100.0,110.0,100.0,28.35
1989,19,48,8,113.4,440,440.0,100,100.0,440.0,100.0,113.4
1989,22,1,2,0.25,30,40.0,50,50.0,35.0,50.0,0.125
1989,22,1,2,1.0,100,120.0,50,50.0,110.0,50.0,0.5
1989,22,1,2,3.5,200,250.0,50,50.0,225.0,50.0,1.75
1989,22,1,2,1000.0,18000,18000.0,90,90.0,18000.0,90.0,900.0
1989,22,54,8,453.6,600,800.0,100,100.0,700.0,100.0,453.6
1989,22,58,10,7.0875,30,40.0,100,100.0,35.0,100.0,7.0875
1989,22,58,10,453.6,700,700.0,100,100.0,700.0,100.0,453.6
1989,23,1,2,1.0,60,100.0,75,95.0,80.0,85.0,0.85
1989,23,1,2,3.54375,120,180.0,75,95.0,150.0,85.0,3.0121875
1989,23,1,2,7.0875,225,300.0,50,60.0,262.5,55.0,3.898125
1989,23,1,2,28.35,700,850.0,40,60.0,775.0,50.0,14.175
1989,23,1,2,453.6,8000,12000.0,75,98.0,10000.0,86.5,392.364
1989,23,77,6,1.0,250,300.0,40,80.0,275.0,60.0,0.6
1989,23,53,31,28.35,3500,6000.0,19,75.0,4750.0,47.0,13.3245
1989,23,64,18,1.0,80,100.0,80,100.0,90.0,90.0,0.9
1989,23,64,18,28.35,800,1000.0,80,80.0,900.0,80.0,22.68
1989,23,64,18,453.6,9000,15000.0,80,100.0,12000.0,90.0,408.24
1989,26,58,10,113.4,200,250.0,100,100.0,225.0,100.0,113.4
1989,26,58,10,453.6,800,1200.0,100,100.0,1000.0,100.0,453.6
1989,26,59,12,1.0,40,40.0,100,100.0,40.0,100.0,1.0
1989,28,1,2,1000.0,14000,16000.0,55,65.0,15000.0,60.0,600.0
1989,28,3,4,1.0,10,15.0,100,100.0,12.5,100.0,1.0
1989,28,3,4,28.35,100,150.0,100,100.0,125.0,100.0,28.35
1989,28,3,4,453.6,1300,1500.0,100,100.0,1400.0,100.0,453.6
1989,28,77,6,0.1,25,25.0,10,10.0,25.0,10.0,0.01
1989,28,77,6,1.0,200,250.0,10,10.0,225.0,10.0,0.1
1989,28,77,6,453.6,20000,25000.0,10,10.0,22500.0,10.0,45.36
1989,28,30,31,0.03,15,20.0,10,50.0,17.5,30.0,0.009
1989,28,30,31,0.25,60,70.0,10,50.0,65.0,30.0,0.075
1989,28,30,31,1.0,200,250.0,10,50.0,225.0,30.0,0.3
1989,28,30,31,28.35,3000,4500.0,10,50.0,3750.0,30.0,8.505
1989,28,30,31,453.6,60000,65000.0,10,50.0,62500.0,30.0,136.08
1989,28,30,31,1000.0,120000,140000.0,10,50.0,130000.0,30.0,300.0
1989,28,57,21,1.0,400,700.0,95,95.0,550.0,95.0,0.95
1989,28,57,21,28.35,8000,10000.0,95,95.0,9000.0,95.0,26.9325
1989,28,57,21,453.6,100000,100000.0,95,95.0,100000.0,95.0,430.92
1989,28,48,8,28.35,45,150.0,100,100.0,97.5,100.0,28.35
1989,28,48,8,453.6,350,500.0,100,100.0,425.0,100.0,453.6
1989,28,59,12,28.35,125,250.0,100,100.0,187.5,100.0,28.35
1989,28,59,12,453.6,1400,3000.0,100,100.0,2200.0,100.0,453.6
1989,36,1,2,1.0,100,100.0,65,85.0,100.0,75.0,0.75
1989,36,1,2,7.0875,400,500.0,90,90.0,450.0,90.0,6.37875
1989,38,1,2,226.8,4800,4800.0,65,65.0,4800.0,65.0,147.42
1989,38,1,2,1000.0,14000,22000.0,78,78.0,18000.0,78.0,780.0
1989,38,30,31,14.175,2000,2000.0,65,65.0,2000.0,65.0,9.21375
1989,38,30,31,21.2625,2000,2000.0,28,28.0,2000.0,28.0,5.9535
1989,38,30,31,28.35,2500,6000.0,11,49.0,4250.0,30.0,8.505
1989,38,3,4,1.0,10,10.0,100,100.0,10.0,100.0,1.0
1989,38,58,10,1.0,10,15.0,100,100.0,12.5,100.0,1.0
1989,38,58,10,28.35,125,125.0,100,100.0,125.0,100.0,28.35
1989,38,78,8,28.35,180,250.0,100,100.0,215.0,100.0,28.35
1989,38,78,8,113.4,500,550.0,100,100.0,525.0,100.0,113.4
1989,38,78,8,453.6,1800,2500.0,100,100.0,2150.0,100.0,453.6
1989,38,64,18,453.6,8000,16000.0,80,99.0,12000.0,89.5,405.972
1989,39,1,2,1.0,50,100.0,30,88.0,75.0,59.0,0.59
1989,39,1,2,3.54375,100,250.0,30,85.0,175.0,57.5,2.03765625
1989,39,1,2,7.0875,225,450.0,30,85.0,337.5,57.5,4.0753125
1989,39,1,2,14.175,550,550.0,85,85.0,550.0,85.0,12.04875
1989,39,1,2,28.35,600,1200.0,40,85.0,900.0,62.5,17.71875
1989,39,1,2,453.6,7500,15000.0,75,95.0,11250.0,85.0,385.56
1989,39,1,2,1000.0,17000,26000.0,85,96.0,21500.0,90.5,905.0
1989,39,79,42,1.0,40,85.0,90,90.0,62.5,90.0,0.9
1989,39,53,31,0.05,15,25.0,40,60.0,20.0,50.0,0.025
1989,39,53,31,1.0,100,100.0,15,15.0,100.0,15.0,0.15
1989,39,53,31,28.35,2000,5000.0,40,60.0,3500.0,50.0,14.175
1989,39,58,10,453.6,600,1500.0,100,100.0,1050.0,100.0,453.6
1989,39,52,10,453.6,600,1000.0,100,100.0,800.0,100.0,453.6
1989,39,32,18,453.6,7000,12000.0,75,95.0,9500.0,85.0,385.56
1989,39,11,12,1.0,10,10.0,100,100.0,10.0,100.0,1.0
1989,39,11,12,3.54375,30,30.0,100,100.0,30.0,100.0,3.54375
1989,39,11,12,7.0875,60,70.0,100,100.0,65.0,100.0,7.0875
1989,39,11,12,28.35,170,200.0,100,100.0,185.0,100.0,28.35
1989,39,11,12,453.6,2000,3200.0,100,100.0,2600.0,100.0,453.6
1991,0,1,2,0.25,20,20.0,12,40.0,20.0,26.0,0.065
1991,0,1,2,0.25,25,30.0,50,80.0,27.5,65.0,0.1625
1991,0,1,2,1.0,50,70.0,15,40.0,60.0,27.5,0.275
1991,0,1,2,1.0,70,100.0,40,75.0,85.0,57.5,0.575
1991,0,1,2,1.0,100,150.0,80,80.0,125.0,80.0,0.8
1991,0,1,2,3.54375,110,500.0,30,100.0,305.0,65.0,2.3034375
1991,0,1,2,28.35,600,2000.0,40,90.0,1300.0,65.0,18.4275
1991,0,1,2,453.6,11000,26000.0,60,95.0,18500.0,77.5,351.54
1991,0,1,2,1000.0,10000,20000.0,80,90.0,15000.0,85.0,850.0
1991,0,1,2,1000.0,25000,40000.0,90,100.0,32500.0,95.0,950.0
1991,0,80,25,1000.0,20000,40000.0,75,75.0,30000.0,75.0,750.0
1991,0,3,4,1.0,15,25.0,100,100.0,20.0,100.0,1.0
1991,0,3,4,28.35,200,240.0,100,100.0,220.0,100.0,28.35
1991,0,3,4,453.6,3200,3200.0,100,100.0,3200.0,100.0,453.6
1991,0,53,31,0.25,20,70.0,20,60.0,45.0,40.0,0.1
1991,0,53,31,1.0,160,270.0,30,60.0,215.0,45.0,0.45
1991,0,53,31,28.35,2200,4500.0,55,55.0,3350.0,55.0,15.5925
1991,0,53,31,453.6,34000,65000.0,55,55.0,49500.0,55.0,249.48
1991,0,49,10,1.0,10,20.0,100,100.0,15.0,100.0,1.0
1991,0,49,10,453.6,1000,1700.0,100,100.0,1350.0,100.0,453.6
1991,0,11,12,1.0,10,40.0,100,100.0,25.0,100.0,1.0
1991,0,11,12,7.0875,45,50.0,100,100.0,47.5,100.0,7.0875
1991,0,11,12,28.35,245,400.0,100,100.0,322.5,100.0,28.35
1991,0,11,12,453.6,1800,4000.0,100,100.0,2900.0,100.0,453.6
1991,0,81,8,3.54375,25,25.0,100,100.0,25.0,100.0,3.54375
1991,0,81,8,28.35,150,600.0,100,100.0,375.0,100.0,28.35
1991,0,81,8,453.6,600,2000.0,100,100.0,1300.0,100.0,453.6
1991,0,32,18,0.25,15,40.0,25,50.0,27.5,37.5,0.09375
1991,0,32,18,1.0,45,120.0,25,50.0,82.5,37.5,0.375
1991,0,32,18,28.35,500,800.0,25,60.0,650.0,42.5,12.04875
1991,0,32,18,28.35,800,1300.0,60,100.0,1050.0,80.0,22.68
1991,0,32,18,453.6,6000,18000.0,50,100.0,12000.0,75.0,340.2
1991,13,1,2,0.25,20,30.0,25,90.0,25.0,57.5,0.14375
1991,13,1,2,1.0,50,80.0,20,60.0,65.0,40.0,0.4
1991,13,1,2,1.0,85,120.0,75,85.0,102.5,80.0,0.8
1991,13,1,2,3.54375,160,300.0,30,90.0,230.0,60.0,2.12625
1991,13,1,2,28.35,600,1200.0,30,95.0,900.0,62.5,17.71875
1991,13,1,2,453.6,10000,20000.0,50,90.0,15000.0,70.0,317.52
1991,13,1,2,1000.0,18000,35000.0,80,97.0,26500.0,88.5,885.0
1991,13,3,4,1.0,10,20.0,100,100.0,15.0,100.0,1.0
1991,13,3,4,28.35,375,450.0,100,100.0,412.5,100.0,28.35
1991,13,3,4,453.6,3000,4000.0,100,100.0,3500.0,100.0,453.6
1991,13,45,31,0.25,20,65.0,6,56.0,42.5,31.0,0.0775
1991,13,45,31,1.0,100,120.0,5,15.0,110.0,10.0,0.1
1991,13,45,31,1.0,140,220.0,31,56.0,180.0,43.5,0.435
1991,13,45,31,28.35,3500,5000.0,25,56.0,4250.0,40.5,11.48175
1991,13,45,31,453.6,32000,38000.0,31,56.0,35000.0,43.5,197.316
1991,13,45,31,453.6,107000,107000.0,98,98.0,107000.0,98.0,444.528
1991,13,80,25,1000.0,52000,75000.0,31,56.0,63500.0,43.5,435.0
1991,13,80,25,1000.0,80000,150000.0,70,75.0,115000.0,72.5,725.0
1991,13,59,12,1.0,15,60.0,100,100.0,37.5,100.0,1.0
1991,13,59,12,28.35,200,360.0,100,100.0,280.0,100.0,28.35
1991,13,59,12,453.6,2200,3500.0,100,100.0,2850.0,100.0,453.6
1991,13,16,10,28.35,150,150.0,100,100.0,150.0,100.0,28.35
1991,13,16,10,453.6,1550,1550.0,100,100.0,1550.0,100.0,453.6
1991,13,32,18,0.25,10,50.0,20,60.0,30.0,40.0,0.1
1991,13,32,18,1.0,50,90.0,25,75.0,70.0,50.0,0.5
1991,13,32,18,3.54375,120,250.0,25,75.0,185.0,50.0,1.771875
1991,13,32,18,28.35,700,1200.0,30,75.0,950.0,52.5,14.88375
1991,13,32,18,453.6,8000,16000.0,25,95.0,12000.0,60.0,272.16
1991,19,1,2,0.25,20,30.0,65,75.0,25.0,70.0,0.175
1991,19,1,2,1.0,50,120.0,65,75.0,85.0,70.0,0.7
1991,19,1,2,3.54375,150,220.0,65,75.0,185.0,70.0,2.480625
1991,19,1,2,28.35,600,1100.0,75,80.0,850.0,77.5,21.97125
1991,19,1,2,453.6,10000,15000.0,80,80.0,12500.0,80.0,362.88
1991,19,45,31,0.25,20,40.0,50,50.0,30.0,50.0,0.125
1991,19,45,31,1.0,75,160.0,12,60.0,117.5,36.0,0.36
1991,19,45,31,28.35,1800,3000.0,12,70.0,2400.0,41.0,11.6235
1991,19,45,31,453.6,28000,48000.0,50,70.0,38000.0,60.0,272.16
1991,19,59,12,1.0,10,20.0,100,100.0,15.0,100.0,1.0
1991,19,59,12,28.35,175,300.0,100,100.0,237.5,100.0,28.35
1991,19,59,12,453.6,1500,4000.0,100,100.0,2750.0,100.0,453.6
1991,19,32,18,0.25,20,25.0,40,70.0,22.5,55.0,0.1375
1991,19,32,18,1.0,80,120.0,40,70.0,100.0,55.0,0.55
1991,19,32,18,3.54375,300,300.0,70,70.0,300.0,70.0,2.480625
1991,19,32,18,28.35,800,1200.0,70,70.0,1000.0,70.0,19.845
1991,19,32,18,453.6,8000,13000.0,40,80.0,10500.0,60.0,272.16
1991,22,1,2,0.25,20,30.0,50,50.0,25.0,50.0,0.125
1991,22,1,2,1.0,50,100.0,50,50.0,75.0,50.0,0.5
1991,22,1,2,3.54375,140,180.0,50,50.0,160.0,50.0,1.771875
1991,22,1,2,3.54375,200,225.0,80,80.0,212.5,80.0,2.835
1991,22,1,2,28.35,600,1100.0,50,90.0,850.0,70.0,19.845
1991,22,1,2,453.6,5000,20000.0,50,90.0,12500.0,70.0,317.52
1991,22,1,2,1000.0,18000,26000.0,50,90.0,22000.0,70.0,700.0
1991,22,3,4,1.0,10,15.0,100,100.0,12.5,100.0,1.0
1991,22,3,4,28.35,150,150.0,100,100.0,150.0,100.0,28.35
1991,22,45,31,0.25,20,60.0,3,3.0,40.0,3.0,0.0075
1991,22,45,31,28.35,2000,3500.0,45,80.0,2750.0,62.5,17.71875
1991,22,58,10,1.0,5,5.0,100,100.0,5.0,100.0,1.0
1991,22,58,10,28.35,80,100.0,100,100.0,90.0,100.0,28.35
1991,22,58,10,453.6,800,1000.0,100,100.0,900.0,100.0,453.6
1991,22,59,12,1.0,10,50.0,100,100.0,30.0,100.0,1.0
1991,22,59,12,28.35,200,250.0,100,100.0,225.0,100.0,28.35
1991,22,59,12,453.6,1500,2500.0,100,100.0,2000.0,100.0,453.6
1991,22,32,18,0.25,20,35.0,50,90.0,27.5,70.0,0.175
1991,22,32,18,1.0,80,100.0,50,90.0,90.0,70.0,0.7
1991,22,32,18,3.54375,150,250.0,25,75.0,200.0,50.0,1.771875
1991,22,32,18,28.35,600,1100.0,40,50.0,850.0,45.0,12.7575
1991,22,32,18,453.6,8000,14000.0,80,80.0,11000.0,80.0,362.88
1991,23,1,2,0.25,20,25.0,50,60.0,22.5,55.0,0.1375
1991,23,1,2,1.0,40,120.0,15,75.0,80.0,45.0,0.45
1991,23,1,2,3.54375,100,200.0,50,65.0,150.0,57.5,2.03765625
1991,23,1,2,28.35,500,1200.0,30,80.0,850.0,55.0,15.5925
1991,23,1,2,453.6,7000,13000.0,40,80.0,10000.0,60.0,272.16
1991,23,1,2,1000.0,13500,27000.0,30,90.0,20250.0,60.0,600.0
1991,23,80,25,1000.0,65000,96000.0,12,12.0,80500.0,12.0,120.0
1991,23,45,31,1000.0,108000,108000.0,12,12.0,108000.0,12.0,120.0
1991,26,1,2,0.25,10,35.0,35,75.0,22.5,55.0,0.1375
1991,26,1,2,1.0,80,120.0,40,75.0,100.0,57.5,0.575
1991,26,1,2,3.54375,125,350.0,50,75.0,237.5,62.5,2.21484375
1991,26,1,2,28.35,400,1000.0,40,50.0,700.0,45.0,12.7575
1991,26,1,2,28.35,1200,2000.0,60,75.0,1600.0,67.5,19.13625
1991,26,1,2,453.6,7000,12000.0,50,70.0,9500.0,60.0,272.16
1991,26,1,2,1000.0,16000,23000.0,50,70.0,19500.0,60.0,600.0
1991,26,1,2,1000.0,25000,32000.0,90,90.0,28500.0,90.0,900.0
1991,26,3,4,1.0,20,25.0,100,100.0,22.5,100.0,1.0
1991,26,3,4,28.35,300,300.0,100,100.0,300.0,100.0,28.35
1991,26,3,4,453.6,3000,3000.0,100,100.0,3000.0,100.0,453.6
1991,26,59,12,1.0,25,40.0,100,100.0,32.5,100.0,1.0
1991,26,59,12,28.35,240,325.0,100,100.0,282.5,100.0,28.35
1991,26,59,12,453.6,1000,2000.0,100,100.0,1500.0,100.0,453.6
1991,26,58,10,1.0,10,15.0,100,100.0,12.5,100.0,1.0
1991,26,58,10,28.35,100,240.0,100,100.0,170.0,100.0,28.35
1991,26,56,25,1000.0,60000,165000.0,40,75.0,112500.0,57.5,575.0
1991,26,45,31,0.25,40,65.0,60,75.0,52.5,67.5,0.16875
1991,26,45,31,1.0,90,220.0,60,75.0,155.0,67.5,0.675
1991,26,45,31,28.35,3000,4000.0,60,75.0,3500.0,67.5,19.13625
1991,26,45,31,453.6,35000,48000.0,60,75.0,41500.0,67.5,306.18
1991,26,32,18,0.25,15,25.0,40,40.0,20.0,40.0,0.1
1991,26,32,18,1.0,50,110.0,40,40.0,80.0,40.0,0.4
1991,26,32,18,3.54375,100,150.0,40,40.0,125.0,40.0,1.4175
1991,26,32,18,28.35,400,900.0,40,40.0,650.0,40.0,11.34
1991,26,32,18,453.6,6000,10000.0,40,40.0,8000.0,40.0,181.44
1991,28,1,2,0.25,20,25.0,10,60.0,22.5,35.0,0.0875
1991,28,1,2,1.0,40,75.0,10,20.0,57.5,15.0,0.15
1991,28,1,2,1.0,80,120.0,60,60.0,100.0,60.0,0.6
1991,28,1,2,3.54375,120,175.0,10,20.0,147.5,15.0,0.5315625
1991,28,1,2,3.54375,275,275.0,55,90.0,275.0,72.5,2.56921875
1991,28,1,2,7.0875,400,400.0,92,92.0,400.0,92.0,6.5205
1991,28,1,2,28.35,600,1100.0,10,90.0,850.0,50.0,14.175
1991,28,1,2,453.6,6500,8000.0,10,60.0,7250.0,35.0,158.76
1991,28,1,2,453.6,9000,16000.0,70,90.0,12500.0,80.0,362.88
1991,28,1,2,1000.0,16500,26000.0,80,90.0,21250.0,85.0,850.0
1991,28,3,4,1.0,10,15.0,100,100.0,12.5,100.0,1.0
1991,28,3,4,28.35,100,150.0,100,100.0,125.0,100.0,28.35
1991,28,3,4,453.6,1300,1500.0,100,100.0,1400.0,100.0,453.6
1991,28,45,31,0.25,60,100.0,10,70.0,80.0,40.0,0.1
1991,28,45,31,1.0,200,250.0,10,50.0,225.0,30.0,0.3
1991,28,45,31,28.35,3000,4500.0,10,50.0,3750.0,30.0,8.505
1991,28,45,31,453.6,60000,65000.0,10,50.0,62500.0,30.0,136.08
1991,28,58,10,28.35,100,160.0,100,100.0,130.0,100.0,28.35
1991,28,58,10,453.6,900,1400.0,100,100.0,1150.0,100.0,453.6
1991,28,59,12,453.6,1100,3000.0,100,100.0,2050.0,100.0,453.6
1991,28,32,18,0.25,20,25.0,25,80.0,22.5,52.5,0.13125
1991,28,32,18,1.0,40,80.0,25,80.0,60.0,52.5,0.525
1991,28,32,18,3.54375,120,175.0,25,80.0,147.5,52.5,1.86046875
1991,28,32,18,28.35,600,900.0,25,80.0,750.0,52.5,14.88375
1991,28,32,18,453.6,5000,10000.0,25,90.0,7500.0,57.5,260.82
1991,36,59,12,1.0,20,20.0,100,100.0,20.0,100.0,1.0
1991,36,59,12,28.35,400,400.0,100,100.0,400.0,100.0,28.35
1991,36,59,12,453.6,6000,6000.0,100,100.0,6000.0,100.0,453.6
1991,38,1,2,0.25,20,30.0,35,75.0,25.0,55.0,0.1375
1991,38,1,2,1.0,60,75.0,35,35.0,67.5,35.0,0.35
1991,38,1,2,1.0,80,100.0,50,75.0,90.0,62.5,0.625
1991,38,1,2,3.54375,150,250.0,50,80.0,200.0,65.0,2.3034375
1991,38,1,2,28.35,600,1400.0,40,80.0,1000.0,60.0,17.01
1991,38,1,2,453.6,9000,15000.0,50,75.0,12000.0,62.5,283.5
1991,38,1,2,1000.0,18000,30000.0,40,90.0,24000.0,65.0,650.0
1991,38,3,4,1.0,10,10.0,100,100.0,10.0,100.0,1.0
1991,38,3,4,28.35,200,200.0,100,100.0,200.0,100.0,28.35
1991,38,3,4,453.6,1500,1500.0,100,100.0,1500.0,100.0,453.6
1991,38,59,12,1.0,10,75.0,100,100.0,42.5,100.0,1.0
1991,38,59,12,28.35,100,300.0,100,100.0,200.0,100.0,28.35
1991,38,59,12,453.6,1200,3200.0,100,100.0,2200.0,100.0,453.6
1991,38,58,10,453.6,800,1100.0,100,100.0,950.0,100.0,453.6
1991,38,45,31,0.25,40,100.0,18,50.0,70.0,34.0,0.085
1991,38,45,31,1.0,80,180.0,25,70.0,130.0,47.5,0.475
1991,38,45,31,28.35,2000,4500.0,28,62.0,3250.0,45.0,12.7575
1991,39,1,2,0.25,15,60.0,20,90.0,37.5,55.0,0.1375
1991,39,1,2,1.0,20,80.0,20,60.0,50.0,40.0,0.4
1991,39,1,2,1.0,90,180.0,75,90.0,135.0,82.5,0.825
1991,39,1,2,0.8859375,50,50.0,60,80.0,50.0,70.0,0.62015625
1991,39,1,2,1.771875,100,150.0,10,80.0,125.0,45.0,0.79734375
1991,39,1,2,3.54375,100,350.0,20,90.0,225.0,55.0,1.9490625
1991,39,1,2,14.175,450,600.0,70,80.0,525.0,75.0,10.63125
1991,39,1,2,28.35,600,900.0,20,60.0,750.0,40.0,11.34
1991,39,1,2,28.35,1000,1600.0,70,85.0,1300.0,77.5,21.97125
1991,39,1,2,453.6,9000,18000.0,50,85.0,13500.0,67.5,306.18
1991,39,1,2,1000.0,18000,32000.0,26,90.0,25000.0,58.0,580.0
1991,39,3,4,1.0,10,55.0,100,100.0,32.5,100.0,1.0
1991,39,3,4,28.35,100,300.0,100,100.0,200.0,100.0,28.35
1991,39,3,4,453.6,1200,2000.0,100,100.0,1600.0,100.0,453.6
1991,39,80,25,1000.0,30000,150000.0,20,90.0,90000.0,55.0,550.0
1991,39,45,31,0.25,15,50.0,10,50.0,32.5,30.0,0.075
1991,39,45,31,0.25,50,125.0,60,90.0,87.5,75.0,0.1875
1991,39,45,31,28.35,1000,6000.0,20,90.0,3500.0,55.0,15.5925
1991,39,45,31,453.6,12000,45000.0,20,70.0,28500.0,45.0,204.12
1991,39,45,31,453.6,48000,56000.0,85,90.0,52000.0,87.5,396.9
1991,39,78,8,1.0,10,40.0,100,100.0,25.0,100.0,1.0
1991,39,59,12,28.35,150,290.0,100,100.0,220.0,100.0,28.35
1991,39,48,8,453.6,1000,3500.0,100,100.0,2250.0,100.0,453.6
1991,39,32,18,0.25,20,60.0,15,60.0,40.0,37.5,0.09375
1991,39,32,18,0.25,65,160.0,80,90.0,112.5,85.0,0.2125
1991,39,32,18,1.0,50,130.0,20,60.0,90.0,40.0,0.4
1991,39,32,18,1.0,150,160.0,80,90.0,155.0,85.0,0.85
1991,39,32,18,3.54375,110,250.0,23,60.0,180.0,41.5,1.47065625
1991,39,32,18,3.54375,250,400.0,75,90.0,325.0,82.5,2.92359375
1991,39,32,18,28.35,800,2000.0,80,90.0,1400.0,85.0,24.0975
1991,39,32,18,453.6,8000,20000.0,28,80.0,14000.0,54.0,244.944
1991,39,32,18,453.6,20000,25000.0,89,90.0,22500.0,89.5,405.972